drone_count,drone_id,route_id,route_order,flight_task_count,stop_count,start_node_id,end_node_id,route_duration_s,route_duration_min,route_energy_j,energy_utilization_ratio,remaining_energy_j,drone_total_time_s,drone_time_utilization_ratio,path_trace,node_sequence
1,1,1,1,1,10,13,10,625.1954910379181,10.419924850631968,130756.7072255078,0.9685682016704281,4243.292774492205,1312.1679583341565,0.5046799839746756,0-13-1-2-3-5-8-7-4-6-10-0,13 -> 1 -> 2 -> 3 -> 5 -> 8 -> 7 -> 4 -> 6 -> 10
1,1,2,2,1,6,9,16,386.97246729623834,6.449541121603972,80056.5485246552,0.5930114705530015,54943.4514753448,1312.1679583341565,0.5046799839746756,0-9-12-11-14-15-16-0,9 -> 12 -> 11 -> 14 -> 15 -> 16
2,1,1,1,1,8,9,13,537.3864009302492,8.956440015504153,112460.50738418936,0.8330407954384397,22539.49261581064,537.3864009302492,0.20668707728086508,0-9-6-1-2-3-14-16-13-0,9 -> 6 -> 1 -> 2 -> 3 -> 14 -> 16 -> 13
2,2,2,1,1,8,10,4,519.5031014636984,8.658385024394972,107463.61408981227,0.7960267710356465,27536.38591018773,519.5031014636984,0.19980888517834552,0-10-12-11-15-5-8-7-4-0,10 -> 12 -> 11 -> 15 -> 5 -> 8 -> 7 -> 4
3,1,1,1,1,5,10,15,359.4366208489772,5.990610347482954,73962.45092809749,0.5478700068747963,61037.54907190251,359.4366208489772,0.13824485417268353,0-10-4-5-2-15-0,10 -> 4 -> 5 -> 2 -> 15
3,2,2,1,1,5,3,13,345.94969218196456,5.765828203032743,71274.03905202898,0.5279558448298443,63725.96094797102,345.94969218196456,0.1330575739161402,0-3-1-16-14-13-0,3 -> 1 -> 16 -> 14 -> 13
3,3,3,1,1,6,12,6,361.2994222894462,6.0216570381574375,74771.28561331036,0.5538613749134101,60228.71438668964,361.2994222894462,0.13896131626517164,0-12-11-9-7-8-6-0,12 -> 11 -> 9 -> 7 -> 8 -> 6
4,1,1,1,1,4,10,14,261.1978965115115,4.353298275191858,53977.183509279275,0.39983098895762426,81022.81649072072,261.1978965115115,0.10046072942750442,0-10-11-13-14-0,10 -> 11 -> 13 -> 14
4,2,2,1,1,4,1,8,272.67815783571126,4.544635963928521,55940.275251470826,0.4143724092701543,79059.72474852917,272.67815783571126,0.10487621455219664,0-1-4-6-8-0,1 -> 4 -> 6 -> 8
4,3,3,1,1,4,5,9,322.4278115474888,5.373796859124813,65964.70668640279,0.48862745693631693,69035.29331359721,322.4278115474888,0.12401069674903414,0-5-16-12-9-0,5 -> 16 -> 12 -> 9
4,4,4,1,1,4,15,7,281.2381442028043,4.687302403380071,57771.15255215524,0.4279344633492981,77228.84744784476,281.2381442028043,0.10816851700107857,0-15-2-3-7-0,15 -> 2 -> 3 -> 7
