node_id,x_m,y_m,z_m,priority_weight,base_hover_time_s,base_drone_id,base_route_id,base_route,base_stop_order,hier_drone_id,cluster_id,hier_route,hier_stop_order
0,0,0,0,0,0,,,,,,,,
1,92,148,18,2,50,2.0,2.0,0-1-4-6-8-0,1.0,3.0,0.0,0->14->15->4->1->0,5.0
2,78,138,31,3,60,4.0,4.0,0-15-2-3-7-0,2.0,1.0,1.0,0->8->2->5->10->0,3.0
3,84,126,24,1,35,4.0,4.0,0-15-2-3-7-0,3.0,2.0,0.0,0->13->16->3->11->0,4.0
4,158,68,20,2,55,2.0,2.0,0-1-4-6-8-0,2.0,3.0,0.0,0->14->15->4->1->0,4.0
5,146,82,34,3,50,3.0,3.0,0-5-16-12-9-0,1.0,1.0,1.0,0->8->2->5->10->0,4.0
6,172,54,16,2,40,2.0,2.0,0-1-4-6-8-0,3.0,0.0,0.0,0->9->12->6->7->0,4.0
7,206,-36,22,2,45,4.0,4.0,0-15-2-3-7-0,4.0,0.0,0.0,0->9->12->6->7->0,5.0
8,194,-22,36,3,60,2.0,2.0,0-1-4-6-8-0,4.0,1.0,1.0,0->8->2->5->10->0,2.0
9,46,-128,17,3,55,3.0,3.0,0-5-16-12-9-0,4.0,0.0,1.0,0->9->12->6->7->0,2.0
10,56,-116,30,2,45,1.0,1.0,0-10-11-13-14-0,1.0,1.0,0.0,0->8->2->5->10->0,5.0
11,-84,-154,25,1,35,1.0,1.0,0-10-11-13-14-0,2.0,2.0,0.0,0->13->16->3->11->0,5.0
12,-72,-144,12,2,40,3.0,3.0,0-5-16-12-9-0,3.0,0.0,0.0,0->9->12->6->7->0,3.0
13,-148,46,24,3,60,1.0,1.0,0-10-11-13-14-0,3.0,2.0,1.0,0->13->16->3->11->0,2.0
14,-162,58,18,2,50,1.0,1.0,0-10-11-13-14-0,4.0,3.0,0.0,0->14->15->4->1->0,2.0
15,-204,162,22,2,45,4.0,4.0,0-15-2-3-7-0,1.0,3.0,0.0,0->14->15->4->1->0,3.0
16,-192,176,34,3,65,3.0,3.0,0-5-16-12-9-0,2.0,2.0,1.0,0->13->16->3->11->0,3.0
