threshold_multiplier,swap_enabled,drone_count,air_stage_time_s,air_stage_time_min,ground_stage_time_s,ground_travel_time_s,ground_service_time_s,ground_start_time_s,ground_completion_time_s,closed_loop_time_s,closed_loop_time_min,direct_confirm_count,direct_confirm_ratio,manual_review_count,extra_hover_time_s,total_hover_time_s,total_air_energy_j,confirmed_priority_weight,swap_move_count,swap_improvement_s,ground_path,feasible_within_horizon
0.8,False,1,1461.1679583341563,24.35279930556927,3735.5152817103,1065.5152817103,2670.0,1461.1679583341563,5196.683240044456,5196.683240044456,86.61138733407428,2,0.125,14,149.0,939.0,243593.255750163,3.0,0,0.0,P0-MP09-MP10-MP07-MP08-MP06-MP04-MP05-MP03-MP01-MP02-MP16-MP15-MP14-MP13-P0,True
0.8,False,2,590.3864009302492,9.839773348837488,3938.190944186914,1238.1909441869138,2700.0,590.3864009302492,4528.577345117163,4528.577345117163,75.47628908528604,2,0.125,14,106.0,896.0,243244.12147400164,2.0,0,0.0,P0-MP10-MP09-MP12-MP13-MP14-MP15-MP16-MP02-MP01-MP05-MP04-MP06-MP08-MP07-P0,True
0.8,False,3,625.2994222894463,10.421657038157438,2878.6696619174472,1018.669661917447,1860.0,625.2994222894463,3503.969084206893,3503.969084206893,58.39948473678155,7,0.4375,9,671.0,1461.0,367627.7755934368,12.0,0,0.0,P0-MP09-MP08-MP06-MP05-MP02-MP16-MP15-MP14-MP13-P0,True
0.8,False,4,623.6781578357113,10.394635963928522,2726.088606711628,1016.0886067116278,1710.0,623.6781578357113,3349.7667645473393,3349.7667645473393,55.82944607578899,8,0.5,8,775.0,1565.0,404153.3179993081,14.0,0,0.0,P0-MP09-MP08-MP05-MP02-MP16-MP15-MP14-MP13-P0,True
1.0,False,1,1517.1679583341563,25.286132638902604,3735.5152817103,1065.5152817103,2670.0,1517.1679583341563,5252.683240044456,5252.683240044456,87.5447206674076,2,0.125,14,205.0,995.0,255913.255750163,3.0,0,0.0,P0-MP09-MP10-MP07-MP08-MP06-MP04-MP05-MP03-MP01-MP02-MP16-MP15-MP14-MP13-P0,True
1.0,False,2,612.3864009302492,10.206440015504153,3938.190944186914,1238.1909441869138,2700.0,612.3864009302492,4550.577345117163,4550.577345117163,75.84295575195272,2,0.125,14,150.0,940.0,252924.12147400164,2.0,0,0.0,P0-MP10-MP09-MP12-MP13-MP14-MP15-MP16-MP02-MP01-MP05-MP04-MP06-MP08-MP07-P0,True
1.0,False,3,570.9496921819646,9.515828203032743,3228.1026457480775,1038.1026457480773,2190.0,570.9496921819646,3799.052337930042,3799.052337930042,63.3175389655007,5,0.3125,11,575.0,1365.0,346507.77559343685,8.0,0,0.0,P0-MP09-MP07-MP08-MP06-MP04-MP05-MP02-MP16-MP15-MP14-MP13-P0,True
1.0,False,4,562.6781578357113,9.377969297261854,2906.856650171624,1016.8566501716242,1890.0,562.6781578357113,3469.5348080073354,3469.5348080073354,57.82558013345559,7,0.4375,9,870.0,1660.0,425053.3179993081,12.0,0,0.0,P0-MP09-MP08-MP04-MP05-MP02-MP16-MP15-MP14-MP13-P0,True
1.2,False,1,1409.1679583341563,23.486132638902607,4071.3017669972105,1251.3017669972107,2820.0,1409.1679583341563,5480.469725331367,5480.469725331367,91.34116208885612,1,0.0625,15,97.0,887.0,232153.255750163,1.0,0,0.0,P0-MP10-MP09-MP12-MP13-MP14-MP15-MP16-MP02-MP01-MP03-MP05-MP04-MP06-MP08-MP07-P0,True
1.2,False,2,634.3864009302492,10.57310668217082,3938.190944186914,1238.1909441869138,2700.0,634.3864009302492,4572.577345117163,4572.577345117163,76.20962241861938,2,0.125,14,194.0,984.0,262604.1214740016,2.0,0,0.0,P0-MP10-MP09-MP12-MP13-MP14-MP15-MP16-MP02-MP01-MP05-MP04-MP06-MP08-MP07-P0,True
1.2,False,3,632.9496921819646,10.549161536366077,3228.1026457480775,1038.1026457480773,2190.0,632.9496921819646,3861.052337930042,3861.052337930042,64.35087229883403,5,0.3125,11,731.0,1521.0,380827.7755934368,8.0,0,0.0,P0-MP09-MP07-MP08-MP06-MP04-MP05-MP02-MP16-MP15-MP14-MP13-P0,True
1.2,False,4,573.2381442028043,9.553969070046739,3058.6957104718203,1018.6957104718206,2040.0,573.2381442028043,3631.933854674625,3631.933854674625,60.53223091124375,6,0.375,10,926.0,1716.0,437373.3179993081,10.0,0,0.0,P0-MP09-MP08-MP06-MP04-MP05-MP02-MP16-MP15-MP14-MP13-P0,True
1.4,False,1,1431.1679583341563,23.85279930556927,4071.3017669972105,1251.3017669972107,2820.0,1431.1679583341563,5502.469725331367,5502.469725331367,91.70782875552278,1,0.0625,15,119.0,909.0,236993.255750163,1.0,0,0.0,P0-MP10-MP09-MP12-MP13-MP14-MP15-MP16-MP02-MP01-MP03-MP05-MP04-MP06-MP08-MP07-P0,True
1.4,False,2,638.5031014636984,10.641718357728307,4071.3017669972105,1251.3017669972107,2820.0,638.5031014636984,4709.804868460909,4709.804868460909,78.49674780768183,1,0.0625,15,119.0,909.0,246104.12147400161,1.0,0,0.0,P0-MP10-MP09-MP12-MP13-MP14-MP15-MP16-MP02-MP01-MP03-MP05-MP04-MP06-MP08-MP07-P0,True
1.4,False,3,580.4366208489772,9.673943680816286,3750.3985999560846,1230.3985999560844,2520.0,580.4366208489772,4330.835220805062,4330.835220805062,72.18058701341769,3,0.1875,13,459.0,1249.0,320987.77559343685,4.0,0,0.0,P0-MP09-MP12-MP13-MP14-MP15-MP16-MP02-MP01-MP05-MP04-MP06-MP08-MP07-P0,True
1.4,False,4,601.1978965115115,10.019964941858525,3179.9474298401637,1019.9474298401637,2160.0,601.1978965115115,3781.145326351675,3781.145326351675,63.019088772527915,5,0.3125,11,1003.0,1793.0,454313.3179993081,9.0,0,0.0,P0-MP09-MP08-MP06-MP04-MP05-MP03-MP02-MP16-MP15-MP14-MP13-P0,True
