drone_count,solution_type,air_completion_time_s,ground_travel_time_s,ground_service_time_s,ground_completion_time_s,total_closed_loop_time_s,direct_confirm_count,direct_confirm_ratio,manual_review_count,added_hover_time_s,selected_direct_confirm_nodes,manual_route,runtime_s,threshold_scale,battery_swap_scale,battery_swap_time_s,hard_point_count,hard_point_ids,prepared_hard_point_ids,unresolved_hard_point_ids,seed
3,baseline,406.7000000000001,1275.7797125272489,2940.0,4215.779712527249,4622.479712527249,0,0.0,16,0.0,,P0-MP10-MP09-MP12-MP11-MP13-MP14-MP15-MP16-MP02-MP03-MP01-MP05-MP04-MP06-MP08-MP07-P0,0.0,1.0,0.5,150.0,0,,,,
3,optimize_hover,626.7,1217.0747010919956,2340.0,3557.074701091996,4183.774701091996,4,0.25,12,445.0,"1,10,3,11",P0-MP09-MP12-MP13-MP14-MP15-MP16-MP02-MP05-MP04-MP06-MP08-MP07-P0,0.11454650000086986,1.0,0.5,150.0,0,,,,
3,hardpoint_hover,626.7,1217.0747010919956,2340.0,3557.074701091996,4183.774701091996,4,0.25,12,445.0,,P0-MP09-MP12-MP13-MP14-MP15-MP16-MP02-MP05-MP04-MP06-MP08-MP07-P0,0.12014099999942118,1.0,0.5,150.0,0,,,,
3,ga_hover,611.7,1130.517248460866,2370.0,3500.517248460866,4112.217248460866,4,0.25,12,430.0,"1,3,11,12",P0-MP10-MP09-MP08-MP07-MP06-MP04-MP05-MP02-MP13-MP14-MP15-MP16-P0,5.121090300002834,1.0,0.5,150.0,0,,,,11.0
4,baseline,322.9,1275.7797125272489,2940.0,4215.779712527249,4538.679712527249,0,0.0,16,0.0,,P0-MP10-MP09-MP12-MP11-MP13-MP14-MP15-MP16-MP02-MP03-MP01-MP05-MP04-MP06-MP08-MP07-P0,0.0,1.0,0.5,150.0,0,,,,
4,optimize_hover,570.9,1185.311913845832,2040.0,3225.311913845832,3796.211913845832,6,0.375,10,740.0,"1,7,10,3,11,6",P0-MP09-MP12-MP13-MP14-MP15-MP16-MP02-MP05-MP04-MP08-P0,0.15139149999595247,1.0,0.5,150.0,0,,,,
4,hardpoint_hover,570.9,1185.311913845832,2040.0,3225.311913845832,3796.211913845832,6,0.375,10,740.0,,P0-MP09-MP12-MP13-MP14-MP15-MP16-MP02-MP05-MP04-MP08-P0,0.15802889999758918,1.0,0.5,150.0,0,,,,
4,ga_hover,615.9,1097.1903401509003,1980.0,3077.1903401509003,3693.0903401509004,6,0.375,10,975.0,"1,4,7,11,12,14",P0-MP10-MP09-MP08-MP06-MP05-MP03-MP02-MP13-MP15-MP16-P0,6.453785700003209,1.0,0.5,150.0,0,,,,11.0
3,baseline,406.7000000000001,1275.7797125272489,2940.0,4215.779712527249,4622.479712527249,0,0.0,16,0.0,,P0-MP10-MP09-MP12-MP11-MP13-MP14-MP15-MP16-MP02-MP03-MP01-MP05-MP04-MP06-MP08-MP07-P0,0.0,1.0,1.0,300.0,0,,,,
3,optimize_hover,626.7,1217.0747010919956,2340.0,3557.074701091996,4183.774701091996,4,0.25,12,445.0,"1,10,3,11",P0-MP09-MP12-MP13-MP14-MP15-MP16-MP02-MP05-MP04-MP06-MP08-MP07-P0,0.11146210000151768,1.0,1.0,300.0,0,,,,
3,hardpoint_hover,626.7,1217.0747010919956,2340.0,3557.074701091996,4183.774701091996,4,0.25,12,445.0,,P0-MP09-MP12-MP13-MP14-MP15-MP16-MP02-MP05-MP04-MP06-MP08-MP07-P0,0.11974280000140425,1.0,1.0,300.0,0,,,,
3,ga_hover,611.7,1130.517248460866,2370.0,3500.517248460866,4112.217248460866,4,0.25,12,430.0,"1,3,11,12",P0-MP10-MP09-MP08-MP07-MP06-MP04-MP05-MP02-MP13-MP14-MP15-MP16-P0,5.073751500000071,1.0,1.0,300.0,0,,,,11.0
4,baseline,322.9,1275.7797125272489,2940.0,4215.779712527249,4538.679712527249,0,0.0,16,0.0,,P0-MP10-MP09-MP12-MP11-MP13-MP14-MP15-MP16-MP02-MP03-MP01-MP05-MP04-MP06-MP08-MP07-P0,0.0,1.0,1.0,300.0,0,,,,
4,optimize_hover,570.9,1185.311913845832,2040.0,3225.311913845832,3796.211913845832,6,0.375,10,740.0,"1,7,10,3,11,6",P0-MP09-MP12-MP13-MP14-MP15-MP16-MP02-MP05-MP04-MP08-P0,0.14823510000132956,1.0,1.0,300.0,0,,,,
4,hardpoint_hover,570.9,1185.311913845832,2040.0,3225.311913845832,3796.211913845832,6,0.375,10,740.0,,P0-MP09-MP12-MP13-MP14-MP15-MP16-MP02-MP05-MP04-MP08-P0,0.15476679999846965,1.0,1.0,300.0,0,,,,
4,ga_hover,615.9,1097.1903401509003,1980.0,3077.1903401509003,3693.0903401509004,6,0.375,10,975.0,"1,4,7,11,12,14",P0-MP10-MP09-MP08-MP06-MP05-MP03-MP02-MP13-MP15-MP16-P0,6.371021999999357,1.0,1.0,300.0,0,,,,11.0
3,baseline,406.7000000000001,1275.7797125272489,2940.0,4215.779712527249,4622.479712527249,0,0.0,16,0.0,,P0-MP10-MP09-MP12-MP11-MP13-MP14-MP15-MP16-MP02-MP03-MP01-MP05-MP04-MP06-MP08-MP07-P0,0.0,1.0,1.5,450.0,0,,,,
3,optimize_hover,626.7,1217.0747010919956,2340.0,3557.074701091996,4183.774701091996,4,0.25,12,445.0,"1,10,3,11",P0-MP09-MP12-MP13-MP14-MP15-MP16-MP02-MP05-MP04-MP06-MP08-MP07-P0,0.11142739999922924,1.0,1.5,450.0,0,,,,
3,hardpoint_hover,626.7,1217.0747010919956,2340.0,3557.074701091996,4183.774701091996,4,0.25,12,445.0,,P0-MP09-MP12-MP13-MP14-MP15-MP16-MP02-MP05-MP04-MP06-MP08-MP07-P0,0.11902879999979632,1.0,1.5,450.0,0,,,,
3,ga_hover,611.7,1130.517248460866,2370.0,3500.517248460866,4112.217248460866,4,0.25,12,430.0,"1,3,11,12",P0-MP10-MP09-MP08-MP07-MP06-MP04-MP05-MP02-MP13-MP14-MP15-MP16-P0,5.147528599998623,1.0,1.5,450.0,0,,,,11.0
4,baseline,322.9,1275.7797125272489,2940.0,4215.779712527249,4538.679712527249,0,0.0,16,0.0,,P0-MP10-MP09-MP12-MP11-MP13-MP14-MP15-MP16-MP02-MP03-MP01-MP05-MP04-MP06-MP08-MP07-P0,0.0,1.0,1.5,450.0,0,,,,
4,optimize_hover,570.9,1185.311913845832,2040.0,3225.311913845832,3796.211913845832,6,0.375,10,740.0,"1,7,10,3,11,6",P0-MP09-MP12-MP13-MP14-MP15-MP16-MP02-MP05-MP04-MP08-P0,0.1500951999987592,1.0,1.5,450.0,0,,,,
4,hardpoint_hover,570.9,1185.311913845832,2040.0,3225.311913845832,3796.211913845832,6,0.375,10,740.0,,P0-MP09-MP12-MP13-MP14-MP15-MP16-MP02-MP05-MP04-MP08-P0,0.15369700000155717,1.0,1.5,450.0,0,,,,
4,ga_hover,615.9,1097.1903401509003,1980.0,3077.1903401509003,3693.0903401509004,6,0.375,10,975.0,"1,4,7,11,12,14",P0-MP10-MP09-MP08-MP06-MP05-MP03-MP02-MP13-MP15-MP16-P0,6.581183499998588,1.0,1.5,450.0,0,,,,11.0
3,baseline,406.7000000000001,1275.7797125272489,2940.0,4215.779712527249,4622.479712527249,0,0.0,16,0.0,,P0-MP10-MP09-MP12-MP11-MP13-MP14-MP15-MP16-MP02-MP03-MP01-MP05-MP04-MP06-MP08-MP07-P0,0.0,1.2,0.5,150.0,0,,,,
3,optimize_hover,589.7,1236.4957313283005,2460.0,3696.4957313283003,4286.1957313283,3,0.1875,13,470.0,"1,10,3",P0-MP09-MP12-MP11-MP13-MP14-MP15-MP16-MP02-MP05-MP04-MP06-MP08-MP07-P0,0.10161019999941345,1.2,0.5,150.0,0,,,,
3,hardpoint_hover,589.7,1236.4957313283005,2460.0,3696.4957313283003,4286.1957313283,3,0.1875,13,470.0,,P0-MP09-MP12-MP11-MP13-MP14-MP15-MP16-MP02-MP05-MP04-MP06-MP08-MP07-P0,0.10322330000053626,1.2,0.5,150.0,0,,,,
3,ga_hover,553.5,1224.867045322825,2520.0,3744.867045322825,4298.367045322825,3,0.1875,13,384.0,"1,3,11",P0-MP10-MP09-MP12-MP13-MP14-MP15-MP16-MP02-MP05-MP04-MP06-MP08-MP07-P0,4.625342999999702,1.2,0.5,150.0,0,,,,11.0
4,baseline,322.9,1275.7797125272489,2940.0,4215.779712527249,4538.679712527249,0,0.0,16,0.0,,P0-MP10-MP09-MP12-MP11-MP13-MP14-MP15-MP16-MP02-MP03-MP01-MP05-MP04-MP06-MP08-MP07-P0,0.0,1.2,0.5,150.0,0,,,,
4,optimize_hover,602.9,1187.1509741460284,2190.0,3377.1509741460286,3980.0509741460287,5,0.3125,11,762.0,"1,7,10,3,11",P0-MP09-MP12-MP13-MP14-MP15-MP16-MP02-MP05-MP04-MP06-MP08-P0,0.1282154000000446,1.2,0.5,150.0,0,,,,
4,hardpoint_hover,602.9,1187.1509741460284,2190.0,3377.1509741460286,3980.0509741460287,5,0.3125,11,762.0,,P0-MP09-MP12-MP13-MP14-MP15-MP16-MP02-MP05-MP04-MP06-MP08-P0,0.13890510000055656,1.2,0.5,150.0,0,,,,
4,ga_hover,583.9,1129.1612029669232,2220.0,3349.161202966923,3933.0612029669232,5,0.3125,11,724.0,"1,3,6,11,12",P0-MP10-MP09-MP08-MP07-MP04-MP05-MP02-MP13-MP14-MP15-MP16-P0,5.7441528999988805,1.2,0.5,150.0,0,,,,11.0
3,baseline,406.7000000000001,1275.7797125272489,2940.0,4215.779712527249,4622.479712527249,0,0.0,16,0.0,,P0-MP10-MP09-MP12-MP11-MP13-MP14-MP15-MP16-MP02-MP03-MP01-MP05-MP04-MP06-MP08-MP07-P0,0.0,1.2,1.0,300.0,0,,,,
3,optimize_hover,589.7,1236.4957313283005,2460.0,3696.4957313283003,4286.1957313283,3,0.1875,13,470.0,"1,10,3",P0-MP09-MP12-MP11-MP13-MP14-MP15-MP16-MP02-MP05-MP04-MP06-MP08-MP07-P0,0.09329029999935301,1.2,1.0,300.0,0,,,,
3,hardpoint_hover,589.7,1236.4957313283005,2460.0,3696.4957313283003,4286.1957313283,3,0.1875,13,470.0,,P0-MP09-MP12-MP11-MP13-MP14-MP15-MP16-MP02-MP05-MP04-MP06-MP08-MP07-P0,0.10306860000127926,1.2,1.0,300.0,0,,,,
3,ga_hover,553.5,1224.867045322825,2520.0,3744.867045322825,4298.367045322825,3,0.1875,13,384.0,"1,3,11",P0-MP10-MP09-MP12-MP13-MP14-MP15-MP16-MP02-MP05-MP04-MP06-MP08-MP07-P0,4.636534700002812,1.2,1.0,300.0,0,,,,11.0
4,baseline,322.9,1275.7797125272489,2940.0,4215.779712527249,4538.679712527249,0,0.0,16,0.0,,P0-MP10-MP09-MP12-MP11-MP13-MP14-MP15-MP16-MP02-MP03-MP01-MP05-MP04-MP06-MP08-MP07-P0,0.0,1.2,1.0,300.0,0,,,,
4,optimize_hover,602.9,1187.1509741460284,2190.0,3377.1509741460286,3980.0509741460287,5,0.3125,11,762.0,"1,7,10,3,11",P0-MP09-MP12-MP13-MP14-MP15-MP16-MP02-MP05-MP04-MP06-MP08-P0,0.13162640000518877,1.2,1.0,300.0,0,,,,
4,hardpoint_hover,602.9,1187.1509741460284,2190.0,3377.1509741460286,3980.0509741460287,5,0.3125,11,762.0,,P0-MP09-MP12-MP13-MP14-MP15-MP16-MP02-MP05-MP04-MP06-MP08-P0,0.14512310000282014,1.2,1.0,300.0,0,,,,
4,ga_hover,583.9,1129.1612029669232,2220.0,3349.161202966923,3933.0612029669232,5,0.3125,11,724.0,"1,3,6,11,12",P0-MP10-MP09-MP08-MP07-MP04-MP05-MP02-MP13-MP14-MP15-MP16-P0,5.745046900003217,1.2,1.0,300.0,0,,,,11.0
3,baseline,406.7000000000001,1275.7797125272489,2940.0,4215.779712527249,4622.479712527249,0,0.0,16,0.0,,P0-MP10-MP09-MP12-MP11-MP13-MP14-MP15-MP16-MP02-MP03-MP01-MP05-MP04-MP06-MP08-MP07-P0,0.0,1.2,1.5,450.0,0,,,,
3,optimize_hover,589.7,1236.4957313283005,2460.0,3696.4957313283003,4286.1957313283,3,0.1875,13,470.0,"1,10,3",P0-MP09-MP12-MP11-MP13-MP14-MP15-MP16-MP02-MP05-MP04-MP06-MP08-MP07-P0,0.09531599999900209,1.2,1.5,450.0,0,,,,
3,hardpoint_hover,589.7,1236.4957313283005,2460.0,3696.4957313283003,4286.1957313283,3,0.1875,13,470.0,,P0-MP09-MP12-MP11-MP13-MP14-MP15-MP16-MP02-MP05-MP04-MP06-MP08-MP07-P0,0.10197209999751067,1.2,1.5,450.0,0,,,,
3,ga_hover,553.5,1224.867045322825,2520.0,3744.867045322825,4298.367045322825,3,0.1875,13,384.0,"1,3,11",P0-MP10-MP09-MP12-MP13-MP14-MP15-MP16-MP02-MP05-MP04-MP06-MP08-MP07-P0,4.692136400000891,1.2,1.5,450.0,0,,,,11.0
4,baseline,322.9,1275.7797125272489,2940.0,4215.779712527249,4538.679712527249,0,0.0,16,0.0,,P0-MP10-MP09-MP12-MP11-MP13-MP14-MP15-MP16-MP02-MP03-MP01-MP05-MP04-MP06-MP08-MP07-P0,0.0,1.2,1.5,450.0,0,,,,
4,optimize_hover,602.9,1187.1509741460284,2190.0,3377.1509741460286,3980.0509741460287,5,0.3125,11,762.0,"1,7,10,3,11",P0-MP09-MP12-MP13-MP14-MP15-MP16-MP02-MP05-MP04-MP06-MP08-P0,0.13075340000068536,1.2,1.5,450.0,0,,,,
4,hardpoint_hover,602.9,1187.1509741460284,2190.0,3377.1509741460286,3980.0509741460287,5,0.3125,11,762.0,,P0-MP09-MP12-MP13-MP14-MP15-MP16-MP02-MP05-MP04-MP06-MP08-P0,0.13760219999676337,1.2,1.5,450.0,0,,,,
4,ga_hover,583.9,1129.1612029669232,2220.0,3349.161202966923,3933.0612029669232,5,0.3125,11,724.0,"1,3,6,11,12",P0-MP10-MP09-MP08-MP07-MP04-MP05-MP02-MP13-MP14-MP15-MP16-P0,5.779356899998675,1.2,1.5,450.0,0,,,,11.0
3,baseline,406.7000000000001,1275.7797125272489,2940.0,4215.779712527249,4622.479712527249,0,0.0,16,0.0,,P0-MP10-MP09-MP12-MP11-MP13-MP14-MP15-MP16-MP02-MP03-MP01-MP05-MP04-MP06-MP08-MP07-P0,0.0,1.4,0.5,150.0,0,,,,
3,optimize_hover,593.5,1224.867045322825,2520.0,3744.867045322825,4338.367045322825,3,0.1875,13,468.0,"3,11,1",P0-MP10-MP09-MP12-MP13-MP14-MP15-MP16-MP02-MP05-MP04-MP06-MP08-MP07-P0,0.09683840000070632,1.4,0.5,150.0,0,,,,
3,hardpoint_hover,593.5,1224.867045322825,2520.0,3744.867045322825,4338.367045322825,3,0.1875,13,468.0,,P0-MP10-MP09-MP12-MP13-MP14-MP15-MP16-MP02-MP05-MP04-MP06-MP08-MP07-P0,0.10732020000432385,1.4,0.5,150.0,0,,,,
3,ga_hover,627.7,1236.4957313283005,2460.0,3696.4957313283003,4324.1957313283,3,0.1875,13,570.0,"1,3,10",P0-MP09-MP12-MP11-MP13-MP14-MP15-MP16-MP02-MP05-MP04-MP06-MP08-MP07-P0,4.882451800003764,1.4,0.5,150.0,0,,,,11.0
4,baseline,322.9,1275.7797125272489,2940.0,4215.779712527249,4538.679712527249,0,0.0,16,0.0,,P0-MP10-MP09-MP12-MP11-MP13-MP14-MP15-MP16-MP02-MP03-MP01-MP05-MP04-MP06-MP08-MP07-P0,0.0,1.4,0.5,150.0,0,,,,
4,optimize_hover,510.9,1194.9433183768579,2370.0,3564.943318376858,4075.843318376858,4,0.25,12,703.0,"3,11,1,7",P0-MP10-MP09-MP12-MP13-MP14-MP15-MP16-MP02-MP05-MP04-MP06-MP08-P0,0.11048989999835612,1.4,0.5,150.0,0,,,,
4,hardpoint_hover,510.9,1194.9433183768579,2370.0,3564.943318376858,4075.843318376858,4,0.25,12,703.0,,P0-MP10-MP09-MP12-MP13-MP14-MP15-MP16-MP02-MP05-MP04-MP06-MP08-P0,0.12607379999826662,1.4,0.5,150.0,0,,,,
4,ga_hover,520.9,1212.3960178990567,2340.0,3552.3960178990565,4073.2960178990566,4,0.25,12,782.0,"1,3,7,12",P0-MP10-MP09-MP11-MP13-MP14-MP15-MP16-MP02-MP05-MP04-MP06-MP08-P0,5.402542199997697,1.4,0.5,150.0,0,,,,11.0
3,baseline,406.7000000000001,1275.7797125272489,2940.0,4215.779712527249,4622.479712527249,0,0.0,16,0.0,,P0-MP10-MP09-MP12-MP11-MP13-MP14-MP15-MP16-MP02-MP03-MP01-MP05-MP04-MP06-MP08-MP07-P0,0.0,1.4,1.0,300.0,0,,,,
3,optimize_hover,593.5,1224.867045322825,2520.0,3744.867045322825,4338.367045322825,3,0.1875,13,468.0,"3,11,1",P0-MP10-MP09-MP12-MP13-MP14-MP15-MP16-MP02-MP05-MP04-MP06-MP08-MP07-P0,0.09503950000362238,1.4,1.0,300.0,0,,,,
3,hardpoint_hover,593.5,1224.867045322825,2520.0,3744.867045322825,4338.367045322825,3,0.1875,13,468.0,,P0-MP10-MP09-MP12-MP13-MP14-MP15-MP16-MP02-MP05-MP04-MP06-MP08-MP07-P0,0.10910709999734536,1.4,1.0,300.0,0,,,,
3,ga_hover,627.7,1236.4957313283005,2460.0,3696.4957313283003,4324.1957313283,3,0.1875,13,570.0,"1,3,10",P0-MP09-MP12-MP11-MP13-MP14-MP15-MP16-MP02-MP05-MP04-MP06-MP08-MP07-P0,4.933441900000616,1.4,1.0,300.0,0,,,,11.0
4,baseline,322.9,1275.7797125272489,2940.0,4215.779712527249,4538.679712527249,0,0.0,16,0.0,,P0-MP10-MP09-MP12-MP11-MP13-MP14-MP15-MP16-MP02-MP03-MP01-MP05-MP04-MP06-MP08-MP07-P0,0.0,1.4,1.0,300.0,0,,,,
4,optimize_hover,510.9,1194.9433183768579,2370.0,3564.943318376858,4075.843318376858,4,0.25,12,703.0,"3,11,1,7",P0-MP10-MP09-MP12-MP13-MP14-MP15-MP16-MP02-MP05-MP04-MP06-MP08-P0,0.1188419000027352,1.4,1.0,300.0,0,,,,
4,hardpoint_hover,510.9,1194.9433183768579,2370.0,3564.943318376858,4075.843318376858,4,0.25,12,703.0,,P0-MP10-MP09-MP12-MP13-MP14-MP15-MP16-MP02-MP05-MP04-MP06-MP08-P0,0.12541049999708775,1.4,1.0,300.0,0,,,,
4,ga_hover,520.9,1212.3960178990567,2340.0,3552.3960178990565,4073.2960178990566,4,0.25,12,782.0,"1,3,7,12",P0-MP10-MP09-MP11-MP13-MP14-MP15-MP16-MP02-MP05-MP04-MP06-MP08-P0,5.297898199998599,1.4,1.0,300.0,0,,,,11.0
3,baseline,406.7000000000001,1275.7797125272489,2940.0,4215.779712527249,4622.479712527249,0,0.0,16,0.0,,P0-MP10-MP09-MP12-MP11-MP13-MP14-MP15-MP16-MP02-MP03-MP01-MP05-MP04-MP06-MP08-MP07-P0,0.0,1.4,1.5,450.0,0,,,,
3,optimize_hover,593.5,1224.867045322825,2520.0,3744.867045322825,4338.367045322825,3,0.1875,13,468.0,"3,11,1",P0-MP10-MP09-MP12-MP13-MP14-MP15-MP16-MP02-MP05-MP04-MP06-MP08-MP07-P0,0.09284710000065388,1.4,1.5,450.0,0,,,,
3,hardpoint_hover,593.5,1224.867045322825,2520.0,3744.867045322825,4338.367045322825,3,0.1875,13,468.0,,P0-MP10-MP09-MP12-MP13-MP14-MP15-MP16-MP02-MP05-MP04-MP06-MP08-MP07-P0,0.09923220000200672,1.4,1.5,450.0,0,,,,
3,ga_hover,627.7,1236.4957313283005,2460.0,3696.4957313283003,4324.1957313283,3,0.1875,13,570.0,"1,3,10",P0-MP09-MP12-MP11-MP13-MP14-MP15-MP16-MP02-MP05-MP04-MP06-MP08-MP07-P0,4.728958200001216,1.4,1.5,450.0,0,,,,11.0
4,baseline,322.9,1275.7797125272489,2940.0,4215.779712527249,4538.679712527249,0,0.0,16,0.0,,P0-MP10-MP09-MP12-MP11-MP13-MP14-MP15-MP16-MP02-MP03-MP01-MP05-MP04-MP06-MP08-MP07-P0,0.0,1.4,1.5,450.0,0,,,,
4,optimize_hover,510.9,1194.9433183768579,2370.0,3564.943318376858,4075.843318376858,4,0.25,12,703.0,"3,11,1,7",P0-MP10-MP09-MP12-MP13-MP14-MP15-MP16-MP02-MP05-MP04-MP06-MP08-P0,0.11415199999464676,1.4,1.5,450.0,0,,,,
4,hardpoint_hover,510.9,1194.9433183768579,2370.0,3564.943318376858,4075.843318376858,4,0.25,12,703.0,,P0-MP10-MP09-MP12-MP13-MP14-MP15-MP16-MP02-MP05-MP04-MP06-MP08-P0,0.12070139999559615,1.4,1.5,450.0,0,,,,
4,ga_hover,520.9,1212.3960178990567,2340.0,3552.3960178990565,4073.2960178990566,4,0.25,12,782.0,"1,3,7,12",P0-MP10-MP09-MP11-MP13-MP14-MP15-MP16-MP02-MP05-MP04-MP06-MP08-P0,5.20772020000004,1.4,1.5,450.0,0,,,,11.0
