drone_count,solution_type,air_completion_time_s,ground_travel_time_s,ground_service_time_s,ground_completion_time_s,total_closed_loop_time_s,direct_confirm_count,direct_confirm_ratio,manual_review_count,added_hover_time_s,selected_direct_confirm_nodes,manual_route,runtime_s,seed,ga_mean_total_closed_loop_time_s,ga_std_total_closed_loop_time_s,ga_mean_runtime_s
1,baseline,1490.9999999999998,1275.7797125272489,2940.0,4215.779712527249,5706.779712527249,0,0.0,16,0.0,,P0-MP10-MP09-MP12-MP11-MP13-MP14-MP15-MP16-MP02-MP03-MP01-MP05-MP04-MP06-MP08-MP07-P0,0.0,,,,
1,optimize_hover,1565.9999999999998,1256.358682290944,2820.0,4076.3586822909438,5642.358682290944,1,0.0625,15,75.0,11,P0-MP10-MP09-MP12-MP13-MP14-MP15-MP16-MP02-MP03-MP01-MP05-MP04-MP06-MP08-MP07-P0,0.0,,,,
1,ga_hover,1565.9999999999998,1256.358682290944,2820.0,4076.3586822909438,5642.358682290944,1,0.0625,15,75.0,11,P0-MP10-MP09-MP12-MP13-MP14-MP15-MP16-MP02-MP03-MP01-MP05-MP04-MP06-MP08-MP07-P0,3.667676199998823,11.0,5642.985328357081,0.6266460661372548,3.898825050000596
2,baseline,582.2,1275.7797125272489,2940.0,4215.779712527249,4797.979712527249,0,0.0,16,0.0,,P0-MP10-MP09-MP12-MP11-MP13-MP14-MP15-MP16-MP02-MP03-MP01-MP05-MP04-MP06-MP08-MP07-P0,0.0,,,,
2,optimize_hover,641.0,1256.358682290944,2820.0,4076.3586822909438,4717.358682290944,1,0.0625,15,75.0,11,P0-MP10-MP09-MP12-MP13-MP14-MP15-MP16-MP02-MP03-MP01-MP05-MP04-MP06-MP08-MP07-P0,0.0,,,,
2,ga_hover,641.0,1256.358682290944,2820.0,4076.3586822909438,4717.358682290944,1,0.0625,15,75.0,11,P0-MP10-MP09-MP12-MP13-MP14-MP15-MP16-MP02-MP03-MP01-MP05-MP04-MP06-MP08-MP07-P0,3.3941111999956775,11.0,4717.358682290944,0.0,3.4566214499973285
3,baseline,406.7000000000001,1275.7797125272489,2940.0,4215.779712527249,4622.479712527249,0,0.0,16,0.0,,P0-MP10-MP09-MP12-MP11-MP13-MP14-MP15-MP16-MP02-MP03-MP01-MP05-MP04-MP06-MP08-MP07-P0,0.0,,,,
3,optimize_hover,626.7,1217.0747010919956,2340.0,3557.074701091996,4183.774701091996,4,0.25,12,445.0,"1,10,3,11",P0-MP09-MP12-MP13-MP14-MP15-MP16-MP02-MP05-MP04-MP06-MP08-MP07-P0,0.0,,,,
3,ga_hover,611.7,1130.517248460866,2370.0,3500.517248460866,4112.217248460866,4,0.25,12,430.0,"1,3,11,12",P0-MP10-MP09-MP08-MP07-MP06-MP04-MP05-MP02-MP13-MP14-MP15-MP16-P0,5.11100869999791,11.0,4112.217248460866,0.0,5.273973049999768
4,baseline,322.9,1275.7797125272489,2940.0,4215.779712527249,4538.679712527249,0,0.0,16,0.0,,P0-MP10-MP09-MP12-MP11-MP13-MP14-MP15-MP16-MP02-MP03-MP01-MP05-MP04-MP06-MP08-MP07-P0,0.0,,,,
4,optimize_hover,570.9,1185.311913845832,2040.0,3225.311913845832,3796.211913845832,6,0.375,10,740.0,"1,7,10,3,11,6",P0-MP09-MP12-MP13-MP14-MP15-MP16-MP02-MP05-MP04-MP08-P0,0.0,,,,
4,ga_hover,615.9,1097.1903401509003,1980.0,3077.1903401509003,3693.0903401509004,6,0.375,10,975.0,"1,4,7,11,12,14",P0-MP10-MP09-MP08-MP06-MP05-MP03-MP02-MP13-MP15-MP16-P0,6.567106100003002,11.0,3704.186405424333,11.096065273432487,6.573371600003156
