drone_count,seed,iteration,best_objective_s,weight_ground_gain,weight_priority,weight_energy_slack,weight_time_slack,weight_route_progress,weight_hover_gap_penalty
3,11,0,4112.217248460866,0.3,1.2,1.5,2.1,0.0,0.6
3,11,1,4112.217248460866,0.3,1.2,1.5,2.1,0.0,0.6
3,11,2,4112.217248460866,0.3,1.2,1.5,2.1,0.0,0.6
3,11,3,4112.217248460866,0.3,1.2,1.5,2.1,0.0,0.6
3,11,4,4112.217248460866,0.3,1.2,1.5,2.1,0.0,0.6
3,11,5,4112.217248460866,0.3,1.2,1.5,2.1,0.0,0.6
3,11,6,4112.217248460866,0.3,1.2,1.5,2.1,0.0,0.6
3,11,7,4112.217248460866,0.3,1.2,1.5,2.1,0.0,0.6
3,11,8,4112.217248460866,0.3,1.2,1.5,2.1,0.0,0.6
3,11,9,4112.217248460866,0.3,1.2,1.5,2.1,0.0,0.6
3,11,10,4112.217248460866,0.3,1.2,1.5,2.1,0.0,0.6
3,11,11,4112.217248460866,0.3,1.2,1.5,2.1,0.0,0.6
3,11,12,4112.217248460866,0.3,1.2,1.5,2.1,0.0,0.6
3,11,13,4112.217248460866,0.3,1.2,1.5,2.1,0.0,0.6
3,11,14,4112.217248460866,0.3,1.2,1.5,2.1,0.0,0.6
3,11,15,4112.217248460866,0.3,1.2,1.5,2.1,0.0,0.6
3,11,16,4112.217248460866,0.3,1.2,1.5,2.1,0.0,0.6
3,11,17,4112.217248460866,0.3,1.2,1.5,2.1,0.0,0.6
3,11,18,4112.217248460866,0.3,1.2,1.5,2.1,0.0,0.6
3,11,19,4112.217248460866,0.3,1.2,1.5,2.1,0.0,0.6
3,11,20,4112.217248460866,0.3,1.2,1.5,2.1,0.0,0.6
3,11,21,4112.217248460866,0.3,1.2,1.5,2.1,0.0,0.6
3,11,22,4112.217248460866,0.3,1.2,1.5,2.1,0.0,0.6
3,11,23,4112.217248460866,0.3,1.2,1.5,2.1,0.0,0.6
3,11,24,4112.217248460866,0.3,1.2,1.5,2.1,0.0,0.6
3,11,25,4112.217248460866,0.3,1.2,1.5,2.1,0.0,0.6
3,23,0,4112.217248460866,1.2,0.3,0.3,1.2,0.3,1.2
3,23,1,4112.217248460866,1.2,0.3,0.3,1.2,0.3,1.2
3,23,2,4112.217248460866,1.2,0.3,0.3,1.2,0.3,1.2
3,23,3,4112.217248460866,1.2,0.3,0.3,1.2,0.3,1.2
3,23,4,4112.217248460866,1.2,0.3,0.3,1.2,0.3,1.2
3,23,5,4112.217248460866,1.2,0.3,0.3,1.2,0.3,1.2
3,23,6,4112.217248460866,1.2,0.3,0.3,1.2,0.3,1.2
3,23,7,4112.217248460866,1.2,0.3,0.3,1.2,0.3,1.2
3,23,8,4112.217248460866,1.2,0.3,0.3,1.2,0.3,1.2
3,23,9,4112.217248460866,1.2,0.3,0.3,1.2,0.3,1.2
3,23,10,4112.217248460866,1.2,0.3,0.3,1.2,0.3,1.2
3,23,11,4112.217248460866,1.2,0.3,0.3,1.2,0.3,1.2
3,23,12,4112.217248460866,1.2,0.3,0.3,1.2,0.3,1.2
3,23,13,4112.217248460866,1.2,0.3,0.3,1.2,0.3,1.2
3,23,14,4112.217248460866,1.2,0.3,0.3,1.2,0.3,1.2
3,23,15,4112.217248460866,1.2,0.3,0.3,1.2,0.3,1.2
3,23,16,4112.217248460866,1.2,0.3,0.3,1.2,0.3,1.2
3,23,17,4112.217248460866,1.2,0.3,0.3,1.2,0.3,1.2
3,23,18,4112.217248460866,1.2,0.3,0.3,1.2,0.3,1.2
3,23,19,4112.217248460866,1.2,0.3,0.3,1.2,0.3,1.2
3,23,20,4112.217248460866,1.2,0.3,0.3,1.2,0.3,1.2
3,23,21,4112.217248460866,1.2,0.3,0.3,1.2,0.3,1.2
3,23,22,4112.217248460866,1.2,0.3,0.3,1.2,0.3,1.2
3,23,23,4112.217248460866,1.2,0.3,0.3,1.2,0.3,1.2
3,23,24,4112.217248460866,1.2,0.3,0.3,1.2,0.3,1.2
3,23,25,4112.217248460866,1.2,0.3,0.3,1.2,0.3,1.2
4,11,0,3736.682785473983,1.2,1.5,2.4,1.2,1.2,1.5
4,11,1,3736.682785473983,1.2,1.5,2.4,1.2,1.2,1.5
4,11,2,3736.682785473983,1.2,1.5,2.4,1.2,1.2,1.5
4,11,3,3736.682785473983,1.2,1.5,2.4,1.2,1.2,1.5
4,11,4,3736.682785473983,1.2,1.5,2.4,1.2,1.2,1.5
4,11,5,3736.682785473983,1.2,1.5,2.4,1.2,1.2,1.5
4,11,6,3736.682785473983,1.2,1.5,2.4,1.2,1.2,1.5
4,11,7,3680.5773284050774,1.2,1.5,0.9,0.9,2.4,0.3
4,11,8,3680.5773284050774,1.2,1.5,0.9,0.9,2.4,0.3
4,11,9,3680.5773284050774,1.2,1.5,0.9,0.9,2.4,0.3
4,11,10,3680.5773284050774,1.2,1.5,0.9,0.9,2.4,0.3
4,11,11,3680.5773284050774,1.2,1.5,0.9,0.9,2.4,0.3
4,11,12,3680.5773284050774,1.2,1.5,0.9,0.9,2.4,0.3
4,11,13,3680.5773284050774,1.2,1.5,0.9,0.9,2.4,0.3
4,11,14,3680.5773284050774,1.2,1.5,0.9,0.9,2.4,0.3
4,11,15,3680.5773284050774,1.2,1.5,0.9,0.9,2.4,0.3
4,11,16,3680.5773284050774,1.2,1.5,0.9,0.9,2.4,0.3
4,11,17,3680.5773284050774,1.2,1.5,0.9,0.9,2.4,0.3
4,11,18,3680.5773284050774,1.2,1.5,0.9,0.9,2.4,0.3
4,11,19,3680.5773284050774,1.2,1.5,0.9,0.9,2.4,0.3
4,11,20,3680.5773284050774,1.2,1.5,0.9,0.9,2.4,0.3
4,11,21,3680.5773284050774,1.2,1.5,0.9,0.9,2.4,0.3
4,11,22,3680.5773284050774,1.2,1.5,0.9,0.9,2.4,0.3
4,11,23,3680.5773284050774,1.2,1.5,0.9,0.9,2.4,0.3
4,11,24,3680.5773284050774,1.2,1.5,0.9,0.9,2.4,0.3
4,11,25,3680.5773284050774,1.2,1.5,0.9,0.9,2.4,0.3
4,23,0,3736.682785473983,1.2,0.3,0.3,1.2,0.3,1.2
4,23,1,3736.682785473983,1.2,0.3,0.3,1.2,0.3,1.2
4,23,2,3680.5773284050774,1.5,1.8,2.4,1.2,1.2,0.3
4,23,3,3680.5773284050774,1.5,1.8,2.4,1.2,1.2,0.3
4,23,4,3680.5773284050774,1.5,1.8,2.4,1.2,1.2,0.3
4,23,5,3680.5773284050774,1.5,1.8,2.4,1.2,1.2,0.3
4,23,6,3680.5773284050774,1.5,1.8,2.4,1.2,1.2,0.3
4,23,7,3680.5773284050774,1.5,1.8,2.4,1.2,1.2,0.3
4,23,8,3680.5773284050774,1.5,1.8,2.4,1.2,1.2,0.3
4,23,9,3680.5773284050774,1.5,1.8,2.4,1.2,1.2,0.3
4,23,10,3680.5773284050774,1.5,1.8,2.4,1.2,1.2,0.3
4,23,11,3680.5773284050774,1.5,1.8,2.4,1.2,1.2,0.3
4,23,12,3680.5773284050774,1.5,1.8,2.4,1.2,1.2,0.3
4,23,13,3680.5773284050774,1.5,1.8,2.4,1.2,1.2,0.3
4,23,14,3680.5773284050774,1.5,1.8,2.4,1.2,1.2,0.3
4,23,15,3680.5773284050774,1.5,1.8,2.4,1.2,1.2,0.3
4,23,16,3680.5773284050774,1.5,1.8,2.4,1.2,1.2,0.3
4,23,17,3680.5773284050774,1.5,1.8,2.4,1.2,1.2,0.3
4,23,18,3680.5773284050774,1.5,1.8,2.4,1.2,1.2,0.3
4,23,19,3680.5773284050774,1.5,1.8,2.4,1.2,1.2,0.3
4,23,20,3680.5773284050774,1.5,1.8,2.4,1.2,1.2,0.3
4,23,21,3680.5773284050774,1.5,1.8,2.4,1.2,1.2,0.3
4,23,22,3680.5773284050774,1.5,1.8,2.4,1.2,1.2,0.3
4,23,23,3680.5773284050774,1.5,1.8,2.4,1.2,1.2,0.3
4,23,24,3680.5773284050774,1.5,1.8,2.4,1.2,1.2,0.3
4,23,25,3680.5773284050774,1.5,1.8,2.4,1.2,1.2,0.3
