drone_count,seed,generation,best_objective_s,weight_ground_gain,weight_priority,weight_energy_slack,weight_time_slack,weight_route_progress,weight_hover_gap_penalty
3,11,0,4112.217248460866,0.947270741637308,0.11452591776477916,0.0,0.4031147995902699,0.17269045165365382,1.4951552670740917
3,11,1,4112.217248460866,0.947270741637308,0.11452591776477916,0.0,0.4031147995902699,0.17269045165365382,1.4951552670740917
3,11,2,4112.217248460866,0.947270741637308,0.11452591776477916,0.0,0.4031147995902699,0.17269045165365382,1.4951552670740917
3,11,3,4112.217248460866,0.947270741637308,0.11452591776477916,0.0,0.4031147995902699,0.17269045165365382,1.4951552670740917
3,11,4,4112.217248460866,0.947270741637308,0.11452591776477916,0.0,0.4031147995902699,0.17269045165365382,1.4951552670740917
3,11,5,4112.217248460866,0.947270741637308,0.11452591776477916,0.0,0.4031147995902699,0.17269045165365382,1.4951552670740917
3,11,6,4112.217248460866,0.947270741637308,0.11452591776477916,0.0,0.4031147995902699,0.17269045165365382,1.4951552670740917
3,11,7,4112.217248460866,0.947270741637308,0.11452591776477916,0.0,0.4031147995902699,0.17269045165365382,1.4951552670740917
3,11,8,4112.217248460866,0.947270741637308,0.11452591776477916,0.0,0.4031147995902699,0.17269045165365382,1.4951552670740917
3,11,9,4112.217248460866,0.947270741637308,0.11452591776477916,0.0,0.4031147995902699,0.17269045165365382,1.4951552670740917
3,11,10,4112.217248460866,0.947270741637308,0.11452591776477916,0.0,0.4031147995902699,0.17269045165365382,1.4951552670740917
3,11,11,4112.217248460866,0.947270741637308,0.11452591776477916,0.0,0.4031147995902699,0.17269045165365382,1.4951552670740917
3,11,12,4112.217248460866,0.947270741637308,0.11452591776477916,0.0,0.4031147995902699,0.17269045165365382,1.4951552670740917
3,11,13,4112.217248460866,0.947270741637308,0.11452591776477916,0.0,0.4031147995902699,0.17269045165365382,1.4951552670740917
3,11,14,4112.217248460866,0.947270741637308,0.11452591776477916,0.0,0.4031147995902699,0.17269045165365382,1.4951552670740917
3,11,15,4112.217248460866,0.947270741637308,0.11452591776477916,0.0,0.4031147995902699,0.17269045165365382,1.4951552670740917
3,11,16,4112.217248460866,0.947270741637308,0.11452591776477916,0.0,0.4031147995902699,0.17269045165365382,1.4951552670740917
3,11,17,4112.217248460866,0.947270741637308,0.11452591776477916,0.0,0.4031147995902699,0.17269045165365382,1.4951552670740917
3,11,18,4112.217248460866,0.947270741637308,0.11452591776477916,0.0,0.4031147995902699,0.17269045165365382,1.4951552670740917
3,11,19,4112.217248460866,0.947270741637308,0.11452591776477916,0.0,0.4031147995902699,0.17269045165365382,1.4951552670740917
3,11,20,4112.217248460866,0.947270741637308,0.11452591776477916,0.0,0.4031147995902699,0.17269045165365382,1.4951552670740917
3,11,21,4112.217248460866,0.947270741637308,0.11452591776477916,0.0,0.4031147995902699,0.17269045165365382,1.4951552670740917
3,11,22,4112.217248460866,0.947270741637308,0.11452591776477916,0.0,0.4031147995902699,0.17269045165365382,1.4951552670740917
3,11,23,4112.217248460866,0.947270741637308,0.11452591776477916,0.0,0.4031147995902699,0.17269045165365382,1.4951552670740917
3,11,24,4112.217248460866,0.947270741637308,0.11452591776477916,0.0,0.4031147995902699,0.17269045165365382,1.4951552670740917
3,11,25,4112.217248460866,0.947270741637308,0.11452591776477916,0.0,0.4031147995902699,0.17269045165365382,1.4951552670740917
3,11,26,4112.217248460866,0.947270741637308,0.11452591776477916,0.0,0.4031147995902699,0.17269045165365382,1.4951552670740917
3,11,27,4112.217248460866,0.947270741637308,0.11452591776477916,0.0,0.4031147995902699,0.17269045165365382,1.4951552670740917
3,23,0,4112.217248460866,1.3891144131534086,0.0,0.14959630480108055,0.3779456460349169,0.0,0.9915428465020314
3,23,1,4112.217248460866,1.3891144131534086,0.0,0.14959630480108055,0.3779456460349169,0.0,0.9915428465020314
3,23,2,4112.217248460866,1.3891144131534086,0.0,0.14959630480108055,0.3779456460349169,0.0,0.9915428465020314
3,23,3,4112.217248460866,1.3891144131534086,0.0,0.14959630480108055,0.3779456460349169,0.0,0.9915428465020314
3,23,4,4112.217248460866,1.3891144131534086,0.0,0.14959630480108055,0.3779456460349169,0.0,0.9915428465020314
3,23,5,4112.217248460866,1.3891144131534086,0.0,0.14959630480108055,0.3779456460349169,0.0,0.9915428465020314
3,23,6,4112.217248460866,1.3891144131534086,0.0,0.14959630480108055,0.3779456460349169,0.0,0.9915428465020314
3,23,7,4112.217248460866,1.3891144131534086,0.0,0.14959630480108055,0.3779456460349169,0.0,0.9915428465020314
3,23,8,4112.217248460866,1.3891144131534086,0.0,0.14959630480108055,0.3779456460349169,0.0,0.9915428465020314
3,23,9,4112.217248460866,1.3891144131534086,0.0,0.14959630480108055,0.3779456460349169,0.0,0.9915428465020314
3,23,10,4112.217248460866,1.3891144131534086,0.0,0.14959630480108055,0.3779456460349169,0.0,0.9915428465020314
3,23,11,4112.217248460866,1.3891144131534086,0.0,0.14959630480108055,0.3779456460349169,0.0,0.9915428465020314
3,23,12,4112.217248460866,1.3891144131534086,0.0,0.14959630480108055,0.3779456460349169,0.0,0.9915428465020314
3,23,13,4112.217248460866,1.3891144131534086,0.0,0.14959630480108055,0.3779456460349169,0.0,0.9915428465020314
3,23,14,4112.217248460866,1.3891144131534086,0.0,0.14959630480108055,0.3779456460349169,0.0,0.9915428465020314
3,23,15,4112.217248460866,1.3891144131534086,0.0,0.14959630480108055,0.3779456460349169,0.0,0.9915428465020314
3,23,16,4112.217248460866,1.3891144131534086,0.0,0.14959630480108055,0.3779456460349169,0.0,0.9915428465020314
3,23,17,4112.217248460866,1.3891144131534086,0.0,0.14959630480108055,0.3779456460349169,0.0,0.9915428465020314
3,23,18,4112.217248460866,1.3891144131534086,0.0,0.14959630480108055,0.3779456460349169,0.0,0.9915428465020314
3,23,19,4112.217248460866,1.3891144131534086,0.0,0.14959630480108055,0.3779456460349169,0.0,0.9915428465020314
3,23,20,4112.217248460866,1.3891144131534086,0.0,0.14959630480108055,0.3779456460349169,0.0,0.9915428465020314
3,23,21,4112.217248460866,1.3891144131534086,0.0,0.14959630480108055,0.3779456460349169,0.0,0.9915428465020314
3,23,22,4112.217248460866,1.3891144131534086,0.0,0.14959630480108055,0.3779456460349169,0.0,0.9915428465020314
3,23,23,4112.217248460866,1.3891144131534086,0.0,0.14959630480108055,0.3779456460349169,0.0,0.9915428465020314
3,23,24,4112.217248460866,1.3891144131534086,0.0,0.14959630480108055,0.3779456460349169,0.0,0.9915428465020314
3,23,25,4112.217248460866,1.3891144131534086,0.0,0.14959630480108055,0.3779456460349169,0.0,0.9915428465020314
3,23,26,4112.217248460866,1.3891144131534086,0.0,0.14959630480108055,0.3779456460349169,0.0,0.9915428465020314
3,23,27,4112.217248460866,1.3891144131534086,0.0,0.14959630480108055,0.3779456460349169,0.0,0.9915428465020314
4,11,0,3736.682785473983,0.8178716987393913,0.852537894677331,0.8014700273036108,0.0,0.8768514470384118,1.6541851154632368
4,11,1,3736.682785473983,0.8178716987393913,0.852537894677331,0.8014700273036108,0.0,0.8768514470384118,1.6541851154632368
4,11,2,3736.682785473983,0.8178716987393913,0.852537894677331,0.8014700273036108,0.0,0.8768514470384118,1.6541851154632368
4,11,3,3736.682785473983,0.8178716987393913,0.852537894677331,0.8014700273036108,0.0,0.8768514470384118,1.6541851154632368
4,11,4,3736.682785473983,0.8178716987393913,0.852537894677331,0.8014700273036108,0.0,0.8768514470384118,1.6541851154632368
4,11,5,3736.682785473983,0.8178716987393913,0.852537894677331,0.8014700273036108,0.0,0.8768514470384118,1.6541851154632368
4,11,6,3736.682785473983,0.8178716987393913,0.852537894677331,0.8014700273036108,0.0,0.8768514470384118,1.6541851154632368
4,11,7,3736.682785473983,0.8178716987393913,0.852537894677331,0.8014700273036108,0.0,0.8768514470384118,1.6541851154632368
4,11,8,3736.682785473983,0.8178716987393913,0.852537894677331,0.8014700273036108,0.0,0.8768514470384118,1.6541851154632368
4,11,9,3736.682785473983,0.8178716987393913,0.852537894677331,0.8014700273036108,0.0,0.8768514470384118,1.6541851154632368
4,11,10,3736.682785473983,0.8178716987393913,0.852537894677331,0.8014700273036108,0.0,0.8768514470384118,1.6541851154632368
4,11,11,3736.682785473983,0.8178716987393913,0.852537894677331,0.8014700273036108,0.0,0.8768514470384118,1.6541851154632368
4,11,12,3736.682785473983,0.8178716987393913,0.852537894677331,0.8014700273036108,0.0,0.8768514470384118,1.6541851154632368
4,11,13,3736.682785473983,0.8178716987393913,0.852537894677331,0.8014700273036108,0.0,0.8768514470384118,1.6541851154632368
4,11,14,3736.682785473983,0.8178716987393913,0.852537894677331,0.8014700273036108,0.0,0.8768514470384118,1.6541851154632368
4,11,15,3736.682785473983,0.8178716987393913,0.852537894677331,0.8014700273036108,0.0,0.8768514470384118,1.6541851154632368
4,11,16,3736.682785473983,0.8178716987393913,0.852537894677331,0.8014700273036108,0.0,0.8768514470384118,1.6541851154632368
4,11,17,3736.682785473983,0.8178716987393913,0.852537894677331,0.8014700273036108,0.0,0.8768514470384118,1.6541851154632368
4,11,18,3736.682785473983,0.8178716987393913,0.852537894677331,0.8014700273036108,0.0,0.8768514470384118,1.6541851154632368
4,11,19,3736.682785473983,0.8178716987393913,0.852537894677331,0.8014700273036108,0.0,0.8768514470384118,1.6541851154632368
4,11,20,3736.682785473983,0.8178716987393913,0.852537894677331,0.8014700273036108,0.0,0.8768514470384118,1.6541851154632368
4,11,21,3736.682785473983,0.8178716987393913,0.852537894677331,0.8014700273036108,0.0,0.8768514470384118,1.6541851154632368
4,11,22,3736.682785473983,0.8178716987393913,0.852537894677331,0.8014700273036108,0.0,0.8768514470384118,1.6541851154632368
4,11,23,3736.682785473983,0.8178716987393913,0.852537894677331,0.8014700273036108,0.0,0.8768514470384118,1.6541851154632368
4,11,24,3736.682785473983,0.8178716987393913,0.852537894677331,0.8014700273036108,0.0,0.8768514470384118,1.6541851154632368
4,11,25,3736.682785473983,0.8178716987393913,0.852537894677331,0.8014700273036108,0.0,0.8768514470384118,1.6541851154632368
4,11,26,3736.682785473983,0.8178716987393913,0.852537894677331,0.8014700273036108,0.0,0.8768514470384118,1.6541851154632368
4,11,27,3736.682785473983,0.8178716987393913,0.852537894677331,0.8014700273036108,0.0,0.8768514470384118,1.6541851154632368
4,23,0,3736.682785473983,0.7321970577364392,0.0,0.8230106603183831,0.34762287009845233,0.2664241017100628,1.3544718024185443
4,23,1,3736.682785473983,0.7321970577364392,0.0,0.8230106603183831,0.34762287009845233,0.2664241017100628,1.3544718024185443
4,23,2,3736.682785473983,0.7321970577364392,0.0,0.8230106603183831,0.34762287009845233,0.2664241017100628,1.3544718024185443
4,23,3,3736.682785473983,0.7321970577364392,0.0,0.8230106603183831,0.34762287009845233,0.2664241017100628,1.3544718024185443
4,23,4,3736.682785473983,0.7321970577364392,0.0,0.8230106603183831,0.34762287009845233,0.2664241017100628,1.3544718024185443
4,23,5,3736.682785473983,0.7321970577364392,0.0,0.8230106603183831,0.34762287009845233,0.2664241017100628,1.3544718024185443
4,23,6,3736.682785473983,0.7321970577364392,0.0,0.8230106603183831,0.34762287009845233,0.2664241017100628,1.3544718024185443
4,23,7,3736.682785473983,0.7321970577364392,0.0,0.8230106603183831,0.34762287009845233,0.2664241017100628,1.3544718024185443
4,23,8,3736.682785473983,0.7321970577364392,0.0,0.8230106603183831,0.34762287009845233,0.2664241017100628,1.3544718024185443
4,23,9,3736.682785473983,0.7321970577364392,0.0,0.8230106603183831,0.34762287009845233,0.2664241017100628,1.3544718024185443
4,23,10,3736.682785473983,0.7321970577364392,0.0,0.8230106603183831,0.34762287009845233,0.2664241017100628,1.3544718024185443
4,23,11,3736.682785473983,0.7321970577364392,0.0,0.8230106603183831,0.34762287009845233,0.2664241017100628,1.3544718024185443
4,23,12,3736.682785473983,0.7321970577364392,0.0,0.8230106603183831,0.34762287009845233,0.2664241017100628,1.3544718024185443
4,23,13,3736.682785473983,0.7321970577364392,0.0,0.8230106603183831,0.34762287009845233,0.2664241017100628,1.3544718024185443
4,23,14,3736.682785473983,0.7321970577364392,0.0,0.8230106603183831,0.34762287009845233,0.2664241017100628,1.3544718024185443
4,23,15,3736.682785473983,0.7321970577364392,0.0,0.8230106603183831,0.34762287009845233,0.2664241017100628,1.3544718024185443
4,23,16,3736.682785473983,0.7321970577364392,0.0,0.8230106603183831,0.34762287009845233,0.2664241017100628,1.3544718024185443
4,23,17,3736.682785473983,0.7321970577364392,0.0,0.8230106603183831,0.34762287009845233,0.2664241017100628,1.3544718024185443
4,23,18,3736.682785473983,0.7321970577364392,0.0,0.8230106603183831,0.34762287009845233,0.2664241017100628,1.3544718024185443
4,23,19,3736.682785473983,0.7321970577364392,0.0,0.8230106603183831,0.34762287009845233,0.2664241017100628,1.3544718024185443
4,23,20,3736.682785473983,0.7321970577364392,0.0,0.8230106603183831,0.34762287009845233,0.2664241017100628,1.3544718024185443
4,23,21,3736.682785473983,0.7321970577364392,0.0,0.8230106603183831,0.34762287009845233,0.2664241017100628,1.3544718024185443
4,23,22,3736.682785473983,0.7321970577364392,0.0,0.8230106603183831,0.34762287009845233,0.2664241017100628,1.3544718024185443
4,23,23,3736.682785473983,0.7321970577364392,0.0,0.8230106603183831,0.34762287009845233,0.2664241017100628,1.3544718024185443
4,23,24,3736.682785473983,0.7321970577364392,0.0,0.8230106603183831,0.34762287009845233,0.2664241017100628,1.3544718024185443
4,23,25,3736.682785473983,0.7321970577364392,0.0,0.8230106603183831,0.34762287009845233,0.2664241017100628,1.3544718024185443
4,23,26,3736.682785473983,0.7321970577364392,0.0,0.8230106603183831,0.34762287009845233,0.2664241017100628,1.3544718024185443
4,23,27,3736.682785473983,0.7321970577364392,0.0,0.8230106603183831,0.34762287009845233,0.2664241017100628,1.3544718024185443
