method,threshold_multiplier,swap_enabled,drone_count,drone_id,route_id,route_order,route_mode,route_path,route_duration_s,route_energy_j,drone_total_time_s
joint_baseline,1.0,False,1,1,1,1,base,0-13-1-2-3-5-8-7-4-6-10-0,625.1954910379181,130756.7072255078,1517.1679583341563
joint_baseline,1.0,False,1,1,2,2,base,0-9-12-11-14-15-16-0,591.9724672962384,125156.5485246552,1517.1679583341563
joint_baseline,1.0,False,2,1,1,1,base,0-9-6-1-2-3-14-16-13-0,612.3864009302492,128960.50738418936,612.3864009302492
joint_baseline,1.0,False,2,2,2,1,base,0-10-12-11-15-5-8-7-4-0,594.5031014636984,123963.61408981228,594.5031014636984
joint_baseline,1.0,False,3,1,1,1,base,0-10-4-5-2-15-0,504.4366208489772,105862.45092809749,504.4366208489772
joint_baseline,1.0,False,3,2,2,1,base,0-3-1-16-14-13-0,570.9496921819646,120774.03905202898,570.9496921819646
joint_baseline,1.0,False,3,3,3,1,base,0-12-11-9-7-8-6-0,566.2994222894463,119871.28561331036,566.2994222894463
joint_baseline,1.0,False,4,1,1,1,base,0-10-11-13-14-0,481.1978965115115,102377.18350927928,481.1978965115115
joint_baseline,1.0,False,4,2,2,1,base,0-1-4-6-8-0,562.6781578357113,119740.27525147083,562.6781578357113
joint_baseline,1.0,False,4,3,3,1,base,0-5-16-12-9-0,452.4278115474888,94564.70668640279,452.4278115474888
joint_baseline,1.0,False,4,4,4,1,base,0-15-2-3-7-0,511.2381442028043,108371.15255215524,511.2381442028043
joint_with_swap,1.0,True,1,1,1,1,base,0-14-1-2-3-5-8-7-4-6-10-0,614.344130894539,128772.13791711873,1514.3787676898328
joint_with_swap,1.0,True,1,1,2,2,base,0-9-12-11-13-15-16-0,600.0346367952939,127228.85808546818,1514.3787676898328
joint_with_swap,1.0,True,2,1,1,1,base,0-4-6-1-2-3-13-16-15-0,591.4545476637386,124898.00043742024,591.4545476637386
joint_with_swap,1.0,True,2,2,2,1,base,0-10-12-11-14-5-8-7-9-0,590.8204413584681,123088.44738897667,590.8204413584681
joint_with_swap,1.0,True,3,1,1,1,base,0-1-3-5-2-14-0,552.5702255530266,117572.90465949925,552.5702255530266
joint_with_swap,1.0,True,3,2,2,1,base,0-8-10-16-15-13-0,528.2960421110823,111154.6163379943,528.2960421110823
joint_with_swap,1.0,True,3,3,3,1,base,0-12-11-9-7-4-6-0,557.3646145965661,118888.1936901201,557.3646145965661
joint_with_swap,1.0,True,4,1,1,1,base,0-10-11-13-14-0,481.1978965115115,102377.18350927928,481.1978965115115
joint_with_swap,1.0,True,4,2,2,1,base,0-1-5-16-8-0,496.28595497938977,104210.61908591917,496.28595497938977
joint_with_swap,1.0,True,4,3,3,1,base,0-4-6-12-9-0,535.9278619456886,114633.71666524635,535.9278619456886
joint_with_swap,1.0,True,4,4,4,1,base,0-15-2-3-7-0,511.2381442028043,108371.15255215524,511.2381442028043
