node_id,node_name,building_id,x_m,y_m,z_m,priority_level,priority_weight,issue_type,base_hover_time_s,direct_confirm_time_s,extra_confirm_time_s,manual_point_id,manual_x_m,manual_y_m,manual_service_time_s,direct_out_back_flight_energy_J,direct_base_roundtrip_total_energy_J,direct_confirm_roundtrip_total_energy_J,remarks,drone_id,route_id,route_order,hover_time_s,route_duration_s,route_energy_j,drone_total_time_s,allocated_hover_time_s,extra_hover_added_s,direct_confirmed,confirmed_by_extra_hover,stop_order,route_stop_count,previous_node_id,route_progress_ratio,solution_type,selected_by_guidance,compare_profile
1,B1-东立面裂缝,B1,92,148,18,中,2,立面裂缝,50,200,,MP01,92,148,180,,,,靠近东南角,1,1,1,50.0,625.1954910379181,130756.7072255078,1517.1679583341563,50.0,0.0,False,False,2,10,13,0.2,old_default_serial,False,old_default_serial
2,B1-屋顶积水,B1,78,138,31,高,3,排水异常,60,520,,MP02,78,138,180,,,,雨后优先复核；无人机直接确认门槛较高,1,1,1,60.0,625.1954910379181,130756.7072255078,1517.1679583341563,60.0,0.0,False,False,3,10,1,0.3,old_default_serial,False,old_default_serial
3,B1-消防连廊顶部,B1,84,126,24,低,1,附属设施,35,110,,MP03,84,126,120,,,,例行巡查,1,1,1,35.0,625.1954910379181,130756.7072255078,1517.1679583341563,35.0,0.0,False,False,4,10,2,0.4,old_default_serial,False,old_default_serial
4,B2-空调支架锈蚀,B2,158,68,20,中,2,金属锈蚀,55,240,,MP04,158,68,180,,,,住户投诉点,1,1,1,55.0,625.1954910379181,130756.7072255078,1517.1679583341563,55.0,0.0,False,False,8,10,7,0.8,old_default_serial,False,old_default_serial
5,B2-屋面排水口堵塞,B2,146,82,34,高,3,排水异常,50,420,,MP05,146,82,180,,,,排水类问题需更长观测时间,1,1,1,50.0,625.1954910379181,130756.7072255078,1517.1679583341563,50.0,0.0,False,False,5,10,3,0.5,old_default_serial,False,old_default_serial
6,B2-北立面瓷砖鼓包,B2,172,54,16,中,2,外立面风险,40,180,,MP06,172,54,150,,,,需近距离确认,1,1,1,40.0,625.1954910379181,130756.7072255078,1517.1679583341563,40.0,0.0,False,False,9,10,4,0.9,old_default_serial,False,old_default_serial
7,B3-西侧窗框松动,B3,206,-36,22,中,2,构件松动,45,200,,MP07,206,-36,150,,,,风大时优先,1,1,1,45.0,625.1954910379181,130756.7072255078,1517.1679583341563,45.0,0.0,False,False,7,10,8,0.7,old_default_serial,False,old_default_serial
8,B3-屋顶通信箱体,B3,194,-22,36,高,3,设备异常,60,560,,MP08,194,-22,180,,,,设备异常识别困难，建议与人工复核比较,1,1,1,60.0,625.1954910379181,130756.7072255078,1517.1679583341563,60.0,0.0,False,False,6,10,5,0.6,old_default_serial,False,old_default_serial
9,B4-南外墙脱落点,B4,46,-128,17,高,3,外立面风险,55,520,,MP09,46,-128,180,,,,高风险脱落点，建议比较空地分工,1,2,2,55.0,386.9724672962384,125156.5485246552,1517.1679583341563,55.0,0.0,False,False,1,6,0,0.16666666666666666,old_default_serial,False,old_default_serial
10,B4-屋顶天沟堆积,B4,56,-116,30,中,2,排水异常,45,190,,MP10,56,-116,180,,,,清运后复检,1,1,1,45.0,625.1954910379181,130756.7072255078,1517.1679583341563,45.0,0.0,False,False,10,10,6,1.0,old_default_serial,False,old_default_serial
11,B5-屋顶消防标识遮挡,B5,-84,-154,25,低,1,标识问题,35,110,,MP11,-84,-154,120,,,,例行巡查,1,2,2,35.0,386.9724672962384,125156.5485246552,1517.1679583341563,110.0,75.0,True,True,3,6,12,0.5,old_default_serial,True,old_default_serial
12,B5-东侧外挂线缆,B5,-72,-144,12,中,2,线缆异常,40,170,,MP12,-72,-144,150,,,,需到场确认,1,2,2,40.0,386.9724672962384,125156.5485246552,1517.1679583341563,170.0,130.0,True,True,2,6,9,0.3333333333333333,old_default_serial,True,old_default_serial
13,B6-屋顶空调机组异常,B6,-148,46,24,高,3,设备异常,60,540,,MP13,-148,46,180,,,,设备异常识别困难，阈值上调,1,1,1,60.0,625.1954910379181,130756.7072255078,1517.1679583341563,60.0,0.0,False,False,1,10,0,0.1,old_default_serial,False,old_default_serial
14,B6-西立面渗水痕迹,B6,-162,58,18,中,2,渗漏风险,50,330,,MP14,-162,58,180,,,,雨天后易复发,1,2,2,50.0,386.9724672962384,125156.5485246552,1517.1679583341563,50.0,0.0,False,False,4,6,11,0.6666666666666666,old_default_serial,False,old_default_serial
15,B7-光伏棚支架松动,B7,-204,162,22,中,2,构件松动,45,360,,MP15,-204,162,180,,,,需结合地面查看,1,2,2,45.0,386.9724672962384,125156.5485246552,1517.1679583341563,45.0,0.0,False,False,5,6,14,0.8333333333333334,old_default_serial,False,old_default_serial
16,B7-屋顶围挡破损,B7,-192,176,34,高,3,屋顶构件,65,560,,MP16,-192,176,180,,,,高风险屋顶构件，直接确认门槛最高,1,2,2,65.0,386.9724672962384,125156.5485246552,1517.1679583341563,65.0,0.0,False,False,6,6,15,1.0,old_default_serial,False,old_default_serial
1,B1-东立面裂缝,B1,92,148,18,中,2,立面裂缝,50,200,,MP01,92,148,180,,,,靠近东南角,1,1,1,50.0,625.1954910379181,130756.7072255078,1517.1679583341563,50.0,0.0,False,False,2,10,13,0.2,serial_greedy_exhaust,False,serial_greedy_exhaust
2,B1-屋顶积水,B1,78,138,31,高,3,排水异常,60,520,,MP02,78,138,180,,,,雨后优先复核；无人机直接确认门槛较高,1,1,1,60.0,625.1954910379181,130756.7072255078,1517.1679583341563,60.0,0.0,False,False,3,10,1,0.3,serial_greedy_exhaust,False,serial_greedy_exhaust
3,B1-消防连廊顶部,B1,84,126,24,低,1,附属设施,35,110,,MP03,84,126,120,,,,例行巡查,1,1,1,35.0,625.1954910379181,130756.7072255078,1517.1679583341563,35.0,0.0,False,False,4,10,2,0.4,serial_greedy_exhaust,False,serial_greedy_exhaust
4,B2-空调支架锈蚀,B2,158,68,20,中,2,金属锈蚀,55,240,,MP04,158,68,180,,,,住户投诉点,1,1,1,55.0,625.1954910379181,130756.7072255078,1517.1679583341563,55.0,0.0,False,False,8,10,7,0.8,serial_greedy_exhaust,False,serial_greedy_exhaust
5,B2-屋面排水口堵塞,B2,146,82,34,高,3,排水异常,50,420,,MP05,146,82,180,,,,排水类问题需更长观测时间,1,1,1,50.0,625.1954910379181,130756.7072255078,1517.1679583341563,50.0,0.0,False,False,5,10,3,0.5,serial_greedy_exhaust,False,serial_greedy_exhaust
6,B2-北立面瓷砖鼓包,B2,172,54,16,中,2,外立面风险,40,180,,MP06,172,54,150,,,,需近距离确认,1,1,1,40.0,625.1954910379181,130756.7072255078,1517.1679583341563,40.0,0.0,False,False,9,10,4,0.9,serial_greedy_exhaust,False,serial_greedy_exhaust
7,B3-西侧窗框松动,B3,206,-36,22,中,2,构件松动,45,200,,MP07,206,-36,150,,,,风大时优先,1,1,1,45.0,625.1954910379181,130756.7072255078,1517.1679583341563,45.0,0.0,False,False,7,10,8,0.7,serial_greedy_exhaust,False,serial_greedy_exhaust
8,B3-屋顶通信箱体,B3,194,-22,36,高,3,设备异常,60,560,,MP08,194,-22,180,,,,设备异常识别困难，建议与人工复核比较,1,1,1,60.0,625.1954910379181,130756.7072255078,1517.1679583341563,60.0,0.0,False,False,6,10,5,0.6,serial_greedy_exhaust,False,serial_greedy_exhaust
9,B4-南外墙脱落点,B4,46,-128,17,高,3,外立面风险,55,520,,MP09,46,-128,180,,,,高风险脱落点，建议比较空地分工,1,2,2,55.0,386.9724672962384,125156.5485246552,1517.1679583341563,55.0,0.0,False,False,1,6,0,0.16666666666666666,serial_greedy_exhaust,False,serial_greedy_exhaust
10,B4-屋顶天沟堆积,B4,56,-116,30,中,2,排水异常,45,190,,MP10,56,-116,180,,,,清运后复检,1,1,1,45.0,625.1954910379181,130756.7072255078,1517.1679583341563,45.0,0.0,False,False,10,10,6,1.0,serial_greedy_exhaust,False,serial_greedy_exhaust
11,B5-屋顶消防标识遮挡,B5,-84,-154,25,低,1,标识问题,35,110,,MP11,-84,-154,120,,,,例行巡查,1,2,2,35.0,386.9724672962384,125156.5485246552,1517.1679583341563,110.0,75.0,True,True,3,6,12,0.5,serial_greedy_exhaust,True,serial_greedy_exhaust
12,B5-东侧外挂线缆,B5,-72,-144,12,中,2,线缆异常,40,170,,MP12,-72,-144,150,,,,需到场确认,1,2,2,40.0,386.9724672962384,125156.5485246552,1517.1679583341563,170.0,130.0,True,True,2,6,9,0.3333333333333333,serial_greedy_exhaust,True,serial_greedy_exhaust
13,B6-屋顶空调机组异常,B6,-148,46,24,高,3,设备异常,60,540,,MP13,-148,46,180,,,,设备异常识别困难，阈值上调,1,1,1,60.0,625.1954910379181,130756.7072255078,1517.1679583341563,60.0,0.0,False,False,1,10,0,0.1,serial_greedy_exhaust,False,serial_greedy_exhaust
14,B6-西立面渗水痕迹,B6,-162,58,18,中,2,渗漏风险,50,330,,MP14,-162,58,180,,,,雨天后易复发,1,2,2,50.0,386.9724672962384,125156.5485246552,1517.1679583341563,50.0,0.0,False,False,4,6,11,0.6666666666666666,serial_greedy_exhaust,False,serial_greedy_exhaust
15,B7-光伏棚支架松动,B7,-204,162,22,中,2,构件松动,45,360,,MP15,-204,162,180,,,,需结合地面查看,1,2,2,45.0,386.9724672962384,125156.5485246552,1517.1679583341563,45.0,0.0,False,False,5,6,14,0.8333333333333334,serial_greedy_exhaust,False,serial_greedy_exhaust
16,B7-屋顶围挡破损,B7,-192,176,34,高,3,屋顶构件,65,560,,MP16,-192,176,180,,,,高风险屋顶构件，直接确认门槛最高,1,2,2,65.0,386.9724672962384,125156.5485246552,1517.1679583341563,65.0,0.0,False,False,6,6,15,1.0,serial_greedy_exhaust,False,serial_greedy_exhaust
1,B1-东立面裂缝,B1,92,148,18,中,2,立面裂缝,50,200,,MP01,92,148,180,,,,靠近东南角,1,1,1,50.0,537.3864009302492,128960.50738418936,612.3864009302492,50.0,0.0,False,False,3,8,6,0.375,old_default_serial,False,old_default_serial
2,B1-屋顶积水,B1,78,138,31,高,3,排水异常,60,520,,MP02,78,138,180,,,,雨后优先复核；无人机直接确认门槛较高,1,1,1,60.0,537.3864009302492,128960.50738418936,612.3864009302492,60.0,0.0,False,False,4,8,1,0.5,old_default_serial,False,old_default_serial
3,B1-消防连廊顶部,B1,84,126,24,低,1,附属设施,35,110,,MP03,84,126,120,,,,例行巡查,1,1,1,35.0,537.3864009302492,128960.50738418936,612.3864009302492,110.0,75.0,True,True,5,8,2,0.625,old_default_serial,True,old_default_serial
4,B2-空调支架锈蚀,B2,158,68,20,中,2,金属锈蚀,55,240,,MP04,158,68,180,,,,住户投诉点,2,2,1,55.0,519.5031014636984,123963.61408981228,594.5031014636984,55.0,0.0,False,False,8,8,7,1.0,old_default_serial,False,old_default_serial
5,B2-屋面排水口堵塞,B2,146,82,34,高,3,排水异常,50,420,,MP05,146,82,180,,,,排水类问题需更长观测时间,2,2,1,50.0,519.5031014636984,123963.61408981228,594.5031014636984,50.0,0.0,False,False,5,8,15,0.625,old_default_serial,False,old_default_serial
6,B2-北立面瓷砖鼓包,B2,172,54,16,中,2,外立面风险,40,180,,MP06,172,54,150,,,,需近距离确认,1,1,1,40.0,537.3864009302492,128960.50738418936,612.3864009302492,40.0,0.0,False,False,2,8,9,0.25,old_default_serial,False,old_default_serial
7,B3-西侧窗框松动,B3,206,-36,22,中,2,构件松动,45,200,,MP07,206,-36,150,,,,风大时优先,2,2,1,45.0,519.5031014636984,123963.61408981228,594.5031014636984,45.0,0.0,False,False,7,8,8,0.875,old_default_serial,False,old_default_serial
8,B3-屋顶通信箱体,B3,194,-22,36,高,3,设备异常,60,560,,MP08,194,-22,180,,,,设备异常识别困难，建议与人工复核比较,2,2,1,60.0,519.5031014636984,123963.61408981228,594.5031014636984,60.0,0.0,False,False,6,8,5,0.75,old_default_serial,False,old_default_serial
9,B4-南外墙脱落点,B4,46,-128,17,高,3,外立面风险,55,520,,MP09,46,-128,180,,,,高风险脱落点，建议比较空地分工,1,1,1,55.0,537.3864009302492,128960.50738418936,612.3864009302492,55.0,0.0,False,False,1,8,0,0.125,old_default_serial,False,old_default_serial
10,B4-屋顶天沟堆积,B4,56,-116,30,中,2,排水异常,45,190,,MP10,56,-116,180,,,,清运后复检,2,2,1,45.0,519.5031014636984,123963.61408981228,594.5031014636984,45.0,0.0,False,False,1,8,0,0.125,old_default_serial,False,old_default_serial
11,B5-屋顶消防标识遮挡,B5,-84,-154,25,低,1,标识问题,35,110,,MP11,-84,-154,120,,,,例行巡查,2,2,1,35.0,519.5031014636984,123963.61408981228,594.5031014636984,110.0,75.0,True,True,3,8,12,0.375,old_default_serial,True,old_default_serial
12,B5-东侧外挂线缆,B5,-72,-144,12,中,2,线缆异常,40,170,,MP12,-72,-144,150,,,,需到场确认,2,2,1,40.0,519.5031014636984,123963.61408981228,594.5031014636984,40.0,0.0,False,False,2,8,10,0.25,old_default_serial,False,old_default_serial
13,B6-屋顶空调机组异常,B6,-148,46,24,高,3,设备异常,60,540,,MP13,-148,46,180,,,,设备异常识别困难，阈值上调,1,1,1,60.0,537.3864009302492,128960.50738418936,612.3864009302492,60.0,0.0,False,False,8,8,16,1.0,old_default_serial,False,old_default_serial
14,B6-西立面渗水痕迹,B6,-162,58,18,中,2,渗漏风险,50,330,,MP14,-162,58,180,,,,雨天后易复发,1,1,1,50.0,537.3864009302492,128960.50738418936,612.3864009302492,50.0,0.0,False,False,6,8,3,0.75,old_default_serial,False,old_default_serial
15,B7-光伏棚支架松动,B7,-204,162,22,中,2,构件松动,45,360,,MP15,-204,162,180,,,,需结合地面查看,2,2,1,45.0,519.5031014636984,123963.61408981228,594.5031014636984,45.0,0.0,False,False,4,8,11,0.5,old_default_serial,False,old_default_serial
16,B7-屋顶围挡破损,B7,-192,176,34,高,3,屋顶构件,65,560,,MP16,-192,176,180,,,,高风险屋顶构件，直接确认门槛最高,1,1,1,65.0,537.3864009302492,128960.50738418936,612.3864009302492,65.0,0.0,False,False,7,8,14,0.875,old_default_serial,False,old_default_serial
1,B1-东立面裂缝,B1,92,148,18,中,2,立面裂缝,50,200,,MP01,92,148,180,,,,靠近东南角,1,1,1,50.0,537.3864009302492,128960.50738418936,612.3864009302492,50.0,0.0,False,False,3,8,6,0.375,serial_greedy_exhaust,False,serial_greedy_exhaust
2,B1-屋顶积水,B1,78,138,31,高,3,排水异常,60,520,,MP02,78,138,180,,,,雨后优先复核；无人机直接确认门槛较高,1,1,1,60.0,537.3864009302492,128960.50738418936,612.3864009302492,60.0,0.0,False,False,4,8,1,0.5,serial_greedy_exhaust,False,serial_greedy_exhaust
3,B1-消防连廊顶部,B1,84,126,24,低,1,附属设施,35,110,,MP03,84,126,120,,,,例行巡查,1,1,1,35.0,537.3864009302492,128960.50738418936,612.3864009302492,110.0,75.0,True,True,5,8,2,0.625,serial_greedy_exhaust,True,serial_greedy_exhaust
4,B2-空调支架锈蚀,B2,158,68,20,中,2,金属锈蚀,55,240,,MP04,158,68,180,,,,住户投诉点,2,2,1,55.0,519.5031014636984,123963.61408981228,594.5031014636984,55.0,0.0,False,False,8,8,7,1.0,serial_greedy_exhaust,False,serial_greedy_exhaust
5,B2-屋面排水口堵塞,B2,146,82,34,高,3,排水异常,50,420,,MP05,146,82,180,,,,排水类问题需更长观测时间,2,2,1,50.0,519.5031014636984,123963.61408981228,594.5031014636984,50.0,0.0,False,False,5,8,15,0.625,serial_greedy_exhaust,False,serial_greedy_exhaust
6,B2-北立面瓷砖鼓包,B2,172,54,16,中,2,外立面风险,40,180,,MP06,172,54,150,,,,需近距离确认,1,1,1,40.0,537.3864009302492,128960.50738418936,612.3864009302492,40.0,0.0,False,False,2,8,9,0.25,serial_greedy_exhaust,False,serial_greedy_exhaust
7,B3-西侧窗框松动,B3,206,-36,22,中,2,构件松动,45,200,,MP07,206,-36,150,,,,风大时优先,2,2,1,45.0,519.5031014636984,123963.61408981228,594.5031014636984,45.0,0.0,False,False,7,8,8,0.875,serial_greedy_exhaust,False,serial_greedy_exhaust
8,B3-屋顶通信箱体,B3,194,-22,36,高,3,设备异常,60,560,,MP08,194,-22,180,,,,设备异常识别困难，建议与人工复核比较,2,2,1,60.0,519.5031014636984,123963.61408981228,594.5031014636984,60.0,0.0,False,False,6,8,5,0.75,serial_greedy_exhaust,False,serial_greedy_exhaust
9,B4-南外墙脱落点,B4,46,-128,17,高,3,外立面风险,55,520,,MP09,46,-128,180,,,,高风险脱落点，建议比较空地分工,1,1,1,55.0,537.3864009302492,128960.50738418936,612.3864009302492,55.0,0.0,False,False,1,8,0,0.125,serial_greedy_exhaust,False,serial_greedy_exhaust
10,B4-屋顶天沟堆积,B4,56,-116,30,中,2,排水异常,45,190,,MP10,56,-116,180,,,,清运后复检,2,2,1,45.0,519.5031014636984,123963.61408981228,594.5031014636984,45.0,0.0,False,False,1,8,0,0.125,serial_greedy_exhaust,False,serial_greedy_exhaust
11,B5-屋顶消防标识遮挡,B5,-84,-154,25,低,1,标识问题,35,110,,MP11,-84,-154,120,,,,例行巡查,2,2,1,35.0,519.5031014636984,123963.61408981228,594.5031014636984,110.0,75.0,True,True,3,8,12,0.375,serial_greedy_exhaust,True,serial_greedy_exhaust
12,B5-东侧外挂线缆,B5,-72,-144,12,中,2,线缆异常,40,170,,MP12,-72,-144,150,,,,需到场确认,2,2,1,40.0,519.5031014636984,123963.61408981228,594.5031014636984,40.0,0.0,False,False,2,8,10,0.25,serial_greedy_exhaust,False,serial_greedy_exhaust
13,B6-屋顶空调机组异常,B6,-148,46,24,高,3,设备异常,60,540,,MP13,-148,46,180,,,,设备异常识别困难，阈值上调,1,1,1,60.0,537.3864009302492,128960.50738418936,612.3864009302492,60.0,0.0,False,False,8,8,16,1.0,serial_greedy_exhaust,False,serial_greedy_exhaust
14,B6-西立面渗水痕迹,B6,-162,58,18,中,2,渗漏风险,50,330,,MP14,-162,58,180,,,,雨天后易复发,1,1,1,50.0,537.3864009302492,128960.50738418936,612.3864009302492,50.0,0.0,False,False,6,8,3,0.75,serial_greedy_exhaust,False,serial_greedy_exhaust
15,B7-光伏棚支架松动,B7,-204,162,22,中,2,构件松动,45,360,,MP15,-204,162,180,,,,需结合地面查看,2,2,1,45.0,519.5031014636984,123963.61408981228,594.5031014636984,45.0,0.0,False,False,4,8,11,0.5,serial_greedy_exhaust,False,serial_greedy_exhaust
16,B7-屋顶围挡破损,B7,-192,176,34,高,3,屋顶构件,65,560,,MP16,-192,176,180,,,,高风险屋顶构件，直接确认门槛最高,1,1,1,65.0,537.3864009302492,128960.50738418936,612.3864009302492,65.0,0.0,False,False,7,8,14,0.875,serial_greedy_exhaust,False,serial_greedy_exhaust
1,B1-东立面裂缝,B1,92,148,18,中,2,立面裂缝,50,200,,MP01,92,148,180,,,,靠近东南角,2,2,1,50.0,345.94969218196456,120774.03905202898,570.9496921819646,200.0,150.0,True,True,2,5,3,0.4,old_default_serial,True,old_default_serial
2,B1-屋顶积水,B1,78,138,31,高,3,排水异常,60,520,,MP02,78,138,180,,,,雨后优先复核；无人机直接确认门槛较高,1,1,1,60.0,359.4366208489772,105862.45092809749,504.4366208489772,60.0,0.0,False,False,4,5,5,0.8,old_default_serial,False,old_default_serial
3,B1-消防连廊顶部,B1,84,126,24,低,1,附属设施,35,110,,MP03,84,126,120,,,,例行巡查,2,2,1,35.0,345.94969218196456,120774.03905202898,570.9496921819646,110.0,75.0,True,True,1,5,0,0.2,old_default_serial,True,old_default_serial
4,B2-空调支架锈蚀,B2,158,68,20,中,2,金属锈蚀,55,240,,MP04,158,68,180,,,,住户投诉点,1,1,1,55.0,359.4366208489772,105862.45092809749,504.4366208489772,55.0,0.0,False,False,2,5,10,0.4,old_default_serial,False,old_default_serial
5,B2-屋面排水口堵塞,B2,146,82,34,高,3,排水异常,50,420,,MP05,146,82,180,,,,排水类问题需更长观测时间,1,1,1,50.0,359.4366208489772,105862.45092809749,504.4366208489772,50.0,0.0,False,False,3,5,4,0.6,old_default_serial,False,old_default_serial
6,B2-北立面瓷砖鼓包,B2,172,54,16,中,2,外立面风险,40,180,,MP06,172,54,150,,,,需近距离确认,3,3,1,40.0,361.2994222894462,119871.28561331036,566.2994222894463,40.0,0.0,False,False,6,6,8,1.0,old_default_serial,False,old_default_serial
7,B3-西侧窗框松动,B3,206,-36,22,中,2,构件松动,45,200,,MP07,206,-36,150,,,,风大时优先,3,3,1,45.0,361.2994222894462,119871.28561331036,566.2994222894463,45.0,0.0,False,False,4,6,9,0.6666666666666666,old_default_serial,False,old_default_serial
8,B3-屋顶通信箱体,B3,194,-22,36,高,3,设备异常,60,560,,MP08,194,-22,180,,,,设备异常识别困难，建议与人工复核比较,3,3,1,60.0,361.2994222894462,119871.28561331036,566.2994222894463,60.0,0.0,False,False,5,6,7,0.8333333333333334,old_default_serial,False,old_default_serial
9,B4-南外墙脱落点,B4,46,-128,17,高,3,外立面风险,55,520,,MP09,46,-128,180,,,,高风险脱落点，建议比较空地分工,3,3,1,55.0,361.2994222894462,119871.28561331036,566.2994222894463,55.0,0.0,False,False,3,6,11,0.5,old_default_serial,False,old_default_serial
10,B4-屋顶天沟堆积,B4,56,-116,30,中,2,排水异常,45,190,,MP10,56,-116,180,,,,清运后复检,1,1,1,45.0,359.4366208489772,105862.45092809749,504.4366208489772,190.0,145.0,True,True,1,5,0,0.2,old_default_serial,True,old_default_serial
11,B5-屋顶消防标识遮挡,B5,-84,-154,25,低,1,标识问题,35,110,,MP11,-84,-154,120,,,,例行巡查,3,3,1,35.0,361.2994222894462,119871.28561331036,566.2994222894463,110.0,75.0,True,True,2,6,12,0.3333333333333333,old_default_serial,True,old_default_serial
12,B5-东侧外挂线缆,B5,-72,-144,12,中,2,线缆异常,40,170,,MP12,-72,-144,150,,,,需到场确认,3,3,1,40.0,361.2994222894462,119871.28561331036,566.2994222894463,170.0,130.0,True,True,1,6,0,0.16666666666666666,old_default_serial,True,old_default_serial
13,B6-屋顶空调机组异常,B6,-148,46,24,高,3,设备异常,60,540,,MP13,-148,46,180,,,,设备异常识别困难，阈值上调,2,2,1,60.0,345.94969218196456,120774.03905202898,570.9496921819646,60.0,0.0,False,False,5,5,14,1.0,old_default_serial,False,old_default_serial
14,B6-西立面渗水痕迹,B6,-162,58,18,中,2,渗漏风险,50,330,,MP14,-162,58,180,,,,雨天后易复发,2,2,1,50.0,345.94969218196456,120774.03905202898,570.9496921819646,50.0,0.0,False,False,4,5,16,0.8,old_default_serial,False,old_default_serial
15,B7-光伏棚支架松动,B7,-204,162,22,中,2,构件松动,45,360,,MP15,-204,162,180,,,,需结合地面查看,1,1,1,45.0,359.4366208489772,105862.45092809749,504.4366208489772,45.0,0.0,False,False,5,5,2,1.0,old_default_serial,False,old_default_serial
16,B7-屋顶围挡破损,B7,-192,176,34,高,3,屋顶构件,65,560,,MP16,-192,176,180,,,,高风险屋顶构件，直接确认门槛最高,2,2,1,65.0,345.94969218196456,120774.03905202898,570.9496921819646,65.0,0.0,False,False,3,5,1,0.6,old_default_serial,False,old_default_serial
1,B1-东立面裂缝,B1,92,148,18,中,2,立面裂缝,50,200,,MP01,92,148,180,,,,靠近东南角,2,2,1,50.0,345.94969218196456,120774.03905202898,570.9496921819646,200.0,150.0,True,True,2,5,3,0.4,serial_greedy_exhaust,True,serial_greedy_exhaust
2,B1-屋顶积水,B1,78,138,31,高,3,排水异常,60,520,,MP02,78,138,180,,,,雨后优先复核；无人机直接确认门槛较高,1,1,1,60.0,359.4366208489772,105862.45092809749,504.4366208489772,60.0,0.0,False,False,4,5,5,0.8,serial_greedy_exhaust,False,serial_greedy_exhaust
3,B1-消防连廊顶部,B1,84,126,24,低,1,附属设施,35,110,,MP03,84,126,120,,,,例行巡查,2,2,1,35.0,345.94969218196456,120774.03905202898,570.9496921819646,110.0,75.0,True,True,1,5,0,0.2,serial_greedy_exhaust,True,serial_greedy_exhaust
4,B2-空调支架锈蚀,B2,158,68,20,中,2,金属锈蚀,55,240,,MP04,158,68,180,,,,住户投诉点,1,1,1,55.0,359.4366208489772,105862.45092809749,504.4366208489772,55.0,0.0,False,False,2,5,10,0.4,serial_greedy_exhaust,False,serial_greedy_exhaust
5,B2-屋面排水口堵塞,B2,146,82,34,高,3,排水异常,50,420,,MP05,146,82,180,,,,排水类问题需更长观测时间,1,1,1,50.0,359.4366208489772,105862.45092809749,504.4366208489772,50.0,0.0,False,False,3,5,4,0.6,serial_greedy_exhaust,False,serial_greedy_exhaust
6,B2-北立面瓷砖鼓包,B2,172,54,16,中,2,外立面风险,40,180,,MP06,172,54,150,,,,需近距离确认,3,3,1,40.0,361.2994222894462,125371.28561331036,591.2994222894463,40.0,0.0,False,False,6,6,8,1.0,serial_greedy_exhaust,False,serial_greedy_exhaust
7,B3-西侧窗框松动,B3,206,-36,22,中,2,构件松动,45,200,,MP07,206,-36,150,,,,风大时优先,3,3,1,45.0,361.2994222894462,125371.28561331036,591.2994222894463,200.0,155.0,True,True,4,6,9,0.6666666666666666,serial_greedy_exhaust,True,serial_greedy_exhaust
8,B3-屋顶通信箱体,B3,194,-22,36,高,3,设备异常,60,560,,MP08,194,-22,180,,,,设备异常识别困难，建议与人工复核比较,3,3,1,60.0,361.2994222894462,125371.28561331036,591.2994222894463,60.0,0.0,False,False,5,6,7,0.8333333333333334,serial_greedy_exhaust,False,serial_greedy_exhaust
9,B4-南外墙脱落点,B4,46,-128,17,高,3,外立面风险,55,520,,MP09,46,-128,180,,,,高风险脱落点，建议比较空地分工,3,3,1,55.0,361.2994222894462,125371.28561331036,591.2994222894463,55.0,0.0,False,False,3,6,11,0.5,serial_greedy_exhaust,False,serial_greedy_exhaust
10,B4-屋顶天沟堆积,B4,56,-116,30,中,2,排水异常,45,190,,MP10,56,-116,180,,,,清运后复检,1,1,1,45.0,359.4366208489772,105862.45092809749,504.4366208489772,190.0,145.0,True,True,1,5,0,0.2,serial_greedy_exhaust,True,serial_greedy_exhaust
11,B5-屋顶消防标识遮挡,B5,-84,-154,25,低,1,标识问题,35,110,,MP11,-84,-154,120,,,,例行巡查,3,3,1,35.0,361.2994222894462,125371.28561331036,591.2994222894463,110.0,75.0,True,True,2,6,12,0.3333333333333333,serial_greedy_exhaust,True,serial_greedy_exhaust
12,B5-东侧外挂线缆,B5,-72,-144,12,中,2,线缆异常,40,170,,MP12,-72,-144,150,,,,需到场确认,3,3,1,40.0,361.2994222894462,125371.28561331036,591.2994222894463,40.0,0.0,False,False,1,6,0,0.16666666666666666,serial_greedy_exhaust,False,serial_greedy_exhaust
13,B6-屋顶空调机组异常,B6,-148,46,24,高,3,设备异常,60,540,,MP13,-148,46,180,,,,设备异常识别困难，阈值上调,2,2,1,60.0,345.94969218196456,120774.03905202898,570.9496921819646,60.0,0.0,False,False,5,5,14,1.0,serial_greedy_exhaust,False,serial_greedy_exhaust
14,B6-西立面渗水痕迹,B6,-162,58,18,中,2,渗漏风险,50,330,,MP14,-162,58,180,,,,雨天后易复发,2,2,1,50.0,345.94969218196456,120774.03905202898,570.9496921819646,50.0,0.0,False,False,4,5,16,0.8,serial_greedy_exhaust,False,serial_greedy_exhaust
15,B7-光伏棚支架松动,B7,-204,162,22,中,2,构件松动,45,360,,MP15,-204,162,180,,,,需结合地面查看,1,1,1,45.0,359.4366208489772,105862.45092809749,504.4366208489772,45.0,0.0,False,False,5,5,2,1.0,serial_greedy_exhaust,False,serial_greedy_exhaust
16,B7-屋顶围挡破损,B7,-192,176,34,高,3,屋顶构件,65,560,,MP16,-192,176,180,,,,高风险屋顶构件，直接确认门槛最高,2,2,1,65.0,345.94969218196456,120774.03905202898,570.9496921819646,65.0,0.0,False,False,3,5,1,0.6,serial_greedy_exhaust,False,serial_greedy_exhaust
1,B1-东立面裂缝,B1,92,148,18,中,2,立面裂缝,50,200,,MP01,92,148,180,,,,靠近东南角,2,2,1,50.0,272.67815783571126,119740.27525147083,562.6781578357113,200.0,150.0,True,True,1,4,0,0.25,old_default_serial,True,old_default_serial
2,B1-屋顶积水,B1,78,138,31,高,3,排水异常,60,520,,MP02,78,138,180,,,,雨后优先复核；无人机直接确认门槛较高,4,4,1,60.0,281.2381442028043,108371.15255215524,511.2381442028043,60.0,0.0,False,False,2,4,15,0.5,old_default_serial,False,old_default_serial
3,B1-消防连廊顶部,B1,84,126,24,低,1,附属设施,35,110,,MP03,84,126,120,,,,例行巡查,4,4,1,35.0,281.2381442028043,108371.15255215524,511.2381442028043,110.0,75.0,True,True,3,4,2,0.75,old_default_serial,True,old_default_serial
4,B2-空调支架锈蚀,B2,158,68,20,中,2,金属锈蚀,55,240,,MP04,158,68,180,,,,住户投诉点,2,2,1,55.0,272.67815783571126,119740.27525147083,562.6781578357113,55.0,0.0,False,False,2,4,1,0.5,old_default_serial,False,old_default_serial
5,B2-屋面排水口堵塞,B2,146,82,34,高,3,排水异常,50,420,,MP05,146,82,180,,,,排水类问题需更长观测时间,3,3,1,50.0,322.4278115474888,94564.70668640279,452.4278115474888,50.0,0.0,False,False,1,4,0,0.25,old_default_serial,False,old_default_serial
6,B2-北立面瓷砖鼓包,B2,172,54,16,中,2,外立面风险,40,180,,MP06,172,54,150,,,,需近距离确认,2,2,1,40.0,272.67815783571126,119740.27525147083,562.6781578357113,180.0,140.0,True,True,3,4,4,0.75,old_default_serial,True,old_default_serial
7,B3-西侧窗框松动,B3,206,-36,22,中,2,构件松动,45,200,,MP07,206,-36,150,,,,风大时优先,4,4,1,45.0,281.2381442028043,108371.15255215524,511.2381442028043,200.0,155.0,True,True,4,4,3,1.0,old_default_serial,True,old_default_serial
8,B3-屋顶通信箱体,B3,194,-22,36,高,3,设备异常,60,560,,MP08,194,-22,180,,,,设备异常识别困难，建议与人工复核比较,2,2,1,60.0,272.67815783571126,119740.27525147083,562.6781578357113,60.0,0.0,False,False,4,4,6,1.0,old_default_serial,False,old_default_serial
9,B4-南外墙脱落点,B4,46,-128,17,高,3,外立面风险,55,520,,MP09,46,-128,180,,,,高风险脱落点，建议比较空地分工,3,3,1,55.0,322.4278115474888,94564.70668640279,452.4278115474888,55.0,0.0,False,False,4,4,12,1.0,old_default_serial,False,old_default_serial
10,B4-屋顶天沟堆积,B4,56,-116,30,中,2,排水异常,45,190,,MP10,56,-116,180,,,,清运后复检,1,1,1,45.0,261.1978965115115,102377.18350927928,481.1978965115115,190.0,145.0,True,True,1,4,0,0.25,old_default_serial,True,old_default_serial
11,B5-屋顶消防标识遮挡,B5,-84,-154,25,低,1,标识问题,35,110,,MP11,-84,-154,120,,,,例行巡查,1,1,1,35.0,261.1978965115115,102377.18350927928,481.1978965115115,110.0,75.0,True,True,2,4,10,0.5,old_default_serial,True,old_default_serial
12,B5-东侧外挂线缆,B5,-72,-144,12,中,2,线缆异常,40,170,,MP12,-72,-144,150,,,,需到场确认,3,3,1,40.0,322.4278115474888,94564.70668640279,452.4278115474888,170.0,130.0,True,True,3,4,16,0.75,old_default_serial,True,old_default_serial
13,B6-屋顶空调机组异常,B6,-148,46,24,高,3,设备异常,60,540,,MP13,-148,46,180,,,,设备异常识别困难，阈值上调,1,1,1,60.0,261.1978965115115,102377.18350927928,481.1978965115115,60.0,0.0,False,False,3,4,11,0.75,old_default_serial,False,old_default_serial
14,B6-西立面渗水痕迹,B6,-162,58,18,中,2,渗漏风险,50,330,,MP14,-162,58,180,,,,雨天后易复发,1,1,1,50.0,261.1978965115115,102377.18350927928,481.1978965115115,50.0,0.0,False,False,4,4,13,1.0,old_default_serial,False,old_default_serial
15,B7-光伏棚支架松动,B7,-204,162,22,中,2,构件松动,45,360,,MP15,-204,162,180,,,,需结合地面查看,4,4,1,45.0,281.2381442028043,108371.15255215524,511.2381442028043,45.0,0.0,False,False,1,4,0,0.25,old_default_serial,False,old_default_serial
16,B7-屋顶围挡破损,B7,-192,176,34,高,3,屋顶构件,65,560,,MP16,-192,176,180,,,,高风险屋顶构件，直接确认门槛最高,3,3,1,65.0,322.4278115474888,94564.70668640279,452.4278115474888,65.0,0.0,False,False,2,4,5,0.5,old_default_serial,False,old_default_serial
1,B1-东立面裂缝,B1,92,148,18,中,2,立面裂缝,50,200,,MP01,92,148,180,,,,靠近东南角,2,2,1,50.0,272.67815783571126,129640.27525147083,607.6781578357113,200.0,150.0,True,True,1,4,0,0.25,serial_greedy_exhaust,True,serial_greedy_exhaust
2,B1-屋顶积水,B1,78,138,31,高,3,排水异常,60,520,,MP02,78,138,180,,,,雨后优先复核；无人机直接确认门槛较高,4,4,1,60.0,281.2381442028043,108371.15255215524,511.2381442028043,60.0,0.0,False,False,2,4,15,0.5,serial_greedy_exhaust,False,serial_greedy_exhaust
3,B1-消防连廊顶部,B1,84,126,24,低,1,附属设施,35,110,,MP03,84,126,120,,,,例行巡查,4,4,1,35.0,281.2381442028043,108371.15255215524,511.2381442028043,110.0,75.0,True,True,3,4,2,0.75,serial_greedy_exhaust,True,serial_greedy_exhaust
4,B2-空调支架锈蚀,B2,158,68,20,中,2,金属锈蚀,55,240,,MP04,158,68,180,,,,住户投诉点,2,2,1,55.0,272.67815783571126,129640.27525147083,607.6781578357113,240.0,185.0,True,True,2,4,1,0.5,serial_greedy_exhaust,True,serial_greedy_exhaust
5,B2-屋面排水口堵塞,B2,146,82,34,高,3,排水异常,50,420,,MP05,146,82,180,,,,排水类问题需更长观测时间,3,3,1,50.0,322.4278115474888,94564.70668640279,452.4278115474888,50.0,0.0,False,False,1,4,0,0.25,serial_greedy_exhaust,False,serial_greedy_exhaust
6,B2-北立面瓷砖鼓包,B2,172,54,16,中,2,外立面风险,40,180,,MP06,172,54,150,,,,需近距离确认,2,2,1,40.0,272.67815783571126,129640.27525147083,607.6781578357113,40.0,0.0,False,False,3,4,4,0.75,serial_greedy_exhaust,False,serial_greedy_exhaust
7,B3-西侧窗框松动,B3,206,-36,22,中,2,构件松动,45,200,,MP07,206,-36,150,,,,风大时优先,4,4,1,45.0,281.2381442028043,108371.15255215524,511.2381442028043,200.0,155.0,True,True,4,4,3,1.0,serial_greedy_exhaust,True,serial_greedy_exhaust
8,B3-屋顶通信箱体,B3,194,-22,36,高,3,设备异常,60,560,,MP08,194,-22,180,,,,设备异常识别困难，建议与人工复核比较,2,2,1,60.0,272.67815783571126,129640.27525147083,607.6781578357113,60.0,0.0,False,False,4,4,6,1.0,serial_greedy_exhaust,False,serial_greedy_exhaust
9,B4-南外墙脱落点,B4,46,-128,17,高,3,外立面风险,55,520,,MP09,46,-128,180,,,,高风险脱落点，建议比较空地分工,3,3,1,55.0,322.4278115474888,94564.70668640279,452.4278115474888,55.0,0.0,False,False,4,4,12,1.0,serial_greedy_exhaust,False,serial_greedy_exhaust
10,B4-屋顶天沟堆积,B4,56,-116,30,中,2,排水异常,45,190,,MP10,56,-116,180,,,,清运后复检,1,1,1,45.0,261.1978965115115,102377.18350927928,481.1978965115115,190.0,145.0,True,True,1,4,0,0.25,serial_greedy_exhaust,True,serial_greedy_exhaust
11,B5-屋顶消防标识遮挡,B5,-84,-154,25,低,1,标识问题,35,110,,MP11,-84,-154,120,,,,例行巡查,1,1,1,35.0,261.1978965115115,102377.18350927928,481.1978965115115,110.0,75.0,True,True,2,4,10,0.5,serial_greedy_exhaust,True,serial_greedy_exhaust
12,B5-东侧外挂线缆,B5,-72,-144,12,中,2,线缆异常,40,170,,MP12,-72,-144,150,,,,需到场确认,3,3,1,40.0,322.4278115474888,94564.70668640279,452.4278115474888,170.0,130.0,True,True,3,4,16,0.75,serial_greedy_exhaust,True,serial_greedy_exhaust
13,B6-屋顶空调机组异常,B6,-148,46,24,高,3,设备异常,60,540,,MP13,-148,46,180,,,,设备异常识别困难，阈值上调,1,1,1,60.0,261.1978965115115,102377.18350927928,481.1978965115115,60.0,0.0,False,False,3,4,11,0.75,serial_greedy_exhaust,False,serial_greedy_exhaust
14,B6-西立面渗水痕迹,B6,-162,58,18,中,2,渗漏风险,50,330,,MP14,-162,58,180,,,,雨天后易复发,1,1,1,50.0,261.1978965115115,102377.18350927928,481.1978965115115,50.0,0.0,False,False,4,4,13,1.0,serial_greedy_exhaust,False,serial_greedy_exhaust
15,B7-光伏棚支架松动,B7,-204,162,22,中,2,构件松动,45,360,,MP15,-204,162,180,,,,需结合地面查看,4,4,1,45.0,281.2381442028043,108371.15255215524,511.2381442028043,45.0,0.0,False,False,1,4,0,0.25,serial_greedy_exhaust,False,serial_greedy_exhaust
16,B7-屋顶围挡破损,B7,-192,176,34,高,3,屋顶构件,65,560,,MP16,-192,176,180,,,,高风险屋顶构件，直接确认门槛最高,3,3,1,65.0,322.4278115474888,94564.70668640279,452.4278115474888,65.0,0.0,False,False,2,4,5,0.5,serial_greedy_exhaust,False,serial_greedy_exhaust
