drone_count,iteration_index,move_tag,route_count,total_closed_loop_time_s,air_completion_time_s,ground_completion_time_s,direct_confirm_count,avg_route_energy_utilization,min_route_energy_utilization,energy_penalty,augmented_objective_s,selected_direct_confirm_nodes,manual_route,search_method
1,0,original,2,5252.683240044456,1517.1679583341565,5252.683240044456,2,0.7807898361117148,0.5930114705530015,0.08331381052383062,5282.308250769342,"11,12",P0-MP09-MP10-MP07-MP08-MP06-MP04-MP05-MP03-MP01-MP02-MP16-MP15-MP14-MP13-P0,vns
1,1,vns_intra_relocate:intra_relocate_d1_r1_4_2,2,5249.740537007896,1514.2252552975954,5249.740537007896,2,0.7802911131441626,0.5930114705530015,0.08334565949250419,5279.459169301571,"11,12",P0-MP09-MP10-MP07-MP08-MP06-MP04-MP05-MP03-MP01-MP02-MP16-MP15-MP14-MP13-P0,vns
1,2,vns_intra_relocate:intra_relocate_d1_r1_8_9,2,5248.593904765343,1513.0786230550423,5248.593904765343,2,0.7794502494996236,0.5930114705530015,0.0834016107408857,5278.354297393981,"11,12",P0-MP09-MP10-MP07-MP08-MP06-MP04-MP05-MP03-MP01-MP02-MP16-MP15-MP14-MP13-P0,vns
1,3,vns_two_opt:two_opt_d1_r1_6_9,2,5238.967985153258,1503.4527034429584,5238.967985153258,2,0.7714430936359473,0.5930114705530015,0.08407610356272079,5269.1047550384765,"11,12",P0-MP09-MP10-MP07-MP08-MP06-MP04-MP05-MP03-MP01-MP02-MP16-MP15-MP14-MP13-P0,vns
1,4,vns_two_opt:two_opt_d1_r2_4_6,2,5238.212828030061,1502.6975463197612,5238.212828030061,2,0.7725485710048619,0.5952224252908306,0.08317871450572423,5268.265181236565,"11,12",P0-MP09-MP10-MP07-MP08-MP06-MP04-MP05-MP03-MP01-MP02-MP16-MP15-MP14-MP13-P0,vns
2,0,original,2,4550.577345117163,612.3864009302492,4550.577345117163,2,0.8145337832370431,0.7960267710356465,0.03474022706098677,4605.532220908189,"3,11",P0-MP10-MP09-MP12-MP13-MP14-MP15-MP16-MP02-MP01-MP05-MP04-MP06-MP08-MP07-P0,vns
2,1,vns_intra_relocate:intra_relocate_d1_r1_6_8,2,4542.497191416821,604.3062472299072,4542.497191416821,2,0.8100305594123478,0.7960267710356465,0.036284494446084975,4597.834999167985,"3,11",P0-MP10-MP09-MP12-MP13-MP14-MP15-MP16-MP02-MP01-MP05-MP04-MP06-MP08-MP07-P0,vns
2,2,vns_intra_relocate:intra_relocate_d1_r1_4_5,2,4538.861631982049,600.6706877951358,4538.861631982049,2,0.8090237417527748,0.7960267710356465,0.03664085246193276,4594.331371202283,"3,11",P0-MP10-MP09-MP12-MP13-MP14-MP15-MP16-MP02-MP01-MP05-MP04-MP06-MP08-MP07-P0,vns
2,3,vns_intra_relocate:intra_relocate_d2_r1_1_4,2,4538.861631982049,600.6706877951358,4538.861631982049,2,0.8152621533778999,0.8085035942858966,0.034173750095570714,4593.969161438283,"3,11",P0-MP10-MP09-MP12-MP13-MP14-MP15-MP16-MP02-MP01-MP05-MP04-MP06-MP08-MP07-P0,vns
2,4,vns_cross_relocate:cross_relocate_d1_r1_n6_to_d2_r1_p8,2,4505.4326533744925,639.3138886833237,4505.4326533744925,2,0.8117691408197822,0.7486334671262453,0.03941696964045974,4561.283732351694,"1,11",P0-MP10-MP09-MP12-MP13-MP14-MP15-MP16-MP02-MP03-MP05-MP04-MP06-MP08-MP07-P0,vns
2,5,vns_intra_relocate:intra_relocate_d2_r1_3_9,2,4495.873906418659,629.7551417274905,4495.873906418659,2,0.8048503528845435,0.7486334671262453,0.04124372301364874,4552.179837434496,"1,11",P0-MP10-MP09-MP12-MP13-MP14-MP15-MP16-MP02-MP03-MP05-MP04-MP06-MP08-MP07-P0,vns
3,0,original,3,3799.052337930042,570.9496921819646,3799.052337930042,5,0.5432290755393502,0.5279558448298443,0.2087622959692852,3883.7197792168054,"1,3,10,11,12",P0-MP09-MP07-MP08-MP06-MP04-MP05-MP02-MP16-MP15-MP14-MP13-P0,vns
3,1,vns_intra_relocate:intra_relocate_d1_r1_4_1,3,3799.052337930042,570.9496921819646,3799.052337930042,5,0.5544204166011846,0.5279558448298443,0.19901815239887413,3882.142242541503,"1,3,10,11,12",P0-MP09-MP07-MP08-MP06-MP04-MP05-MP02-MP16-MP15-MP14-MP13-P0,vns
3,2,vns_intra_relocate:intra_relocate_d2_r1_1_2,3,3797.54787910914,569.4452333610625,3797.54787910914,5,0.5546330515480028,0.5285937496702989,0.19881754187207504,3880.640473830691,"1,3,10,11,12",P0-MP09-MP07-MP08-MP06-MP04-MP05-MP02-MP16-MP15-MP14-MP13-P0,vns
3,3,vns_intra_relocate:intra_relocate_d1_r1_4_5,3,3797.54787910914,569.4452333610625,3797.54787910914,5,0.5653282384516712,0.5285937496702989,0.19020763428448562,3879.2264677157186,"1,3,10,11,12",P0-MP09-MP07-MP08-MP06-MP04-MP05-MP02-MP16-MP15-MP14-MP13-P0,vns
3,4,vns_intra_relocate:intra_relocate_d2_r1_4_5,3,3797.262574179307,569.15992843123,3797.262574179307,5,0.5661369041896792,0.5310197468843226,0.1894471759386643,3878.854985193412,"1,3,10,11,12",P0-MP09-MP07-MP08-MP06-MP04-MP05-MP02-MP16-MP15-MP14-MP13-P0,vns
4,0,original,4,3469.5348080073354,562.6781578357113,3469.5348080073354,7,0.4326913296283484,0.39983098895762426,0.32298084321562526,3571.7552720743042,"1,3,6,7,10,11,12",P0-MP09-MP08-MP04-MP05-MP02-MP16-MP15-MP14-MP13-P0,vns
4,1,vns_intra_relocate:intra_relocate_d1_r1_1_3,4,3469.5348080073354,562.6781578357113,3469.5348080073354,7,0.44566681395217117,0.4143724092701543,0.3080793288005272,3569.4766576069865,"1,3,6,7,10,11,12",P0-MP09-MP08-MP04-MP05-MP02-MP16-MP15-MP14-MP13-P0,vns
4,2,vns_intra_relocate:intra_relocate_d3_r1_2_3,4,3469.5348080073354,562.6781578357113,3469.5348080073354,7,0.45380200053300873,0.4143724092701543,0.30002383174306646,3568.139203840259,"1,3,6,7,10,11,12",P0-MP09-MP08-MP04-MP05-MP02-MP16-MP15-MP14-MP13-P0,vns
4,3,vns_intra_relocate:intra_relocate_d4_r1_3_1,4,3469.5348080073354,562.6781578357113,3469.5348080073354,7,0.4594611886621218,0.4143724092701543,0.2936770843960125,3567.1577253923774,"1,3,6,7,10,11,12",P0-MP09-MP08-MP04-MP05-MP02-MP16-MP15-MP14-MP13-P0,vns
4,4,vns_intra_relocate:intra_relocate_d4_r1_3_4,4,3469.5348080073354,562.6781578357113,3469.5348080073354,7,0.46317928705115835,0.4143724092701543,0.28964672086417503,3566.5362214540182,"1,3,6,7,10,11,12",P0-MP09-MP08-MP04-MP05-MP02-MP16-MP15-MP14-MP13-P0,vns
4,5,vns_intra_relocate:intra_relocate_d1_r1_1_4,4,3469.5348080073354,562.6781578357113,3469.5348080073354,7,0.46353204158795536,0.4143724092701543,0.2892604112119465,3566.450348918343,"1,3,6,7,10,11,12",P0-MP09-MP08-MP04-MP05-MP02-MP16-MP15-MP14-MP13-P0,vns
4,6,vns_cross_relocate:cross_relocate_d2_r1_n6_to_d3_r1_p3,4,3444.1823043261406,565.5126424086936,3444.1823043261406,7,0.4741011795688078,0.3479074310883061,0.28674840103551,3540.468823010638,"1,3,4,7,10,11,12",P0-MP09-MP08-MP06-MP05-MP02-MP16-MP15-MP14-MP13-P0,vns
4,7,vns_cross_relocate:cross_relocate_d3_r1_n5_to_d1_r1_p5,4,3328.190668106172,602.1020613945443,3328.190668106172,8,0.47329250669386497,0.3479074310883061,0.2842461988750065,3424.244170166995,"1,3,4,6,7,10,11,12",P0-MP09-MP08-MP05-MP02-MP16-MP15-MP14-MP13-P0,vns
4,8,vns_intra_relocate:intra_relocate_d3_r1_3_4,4,3327.1964601949103,601.1078534832826,3327.1964601949103,8,0.47212848766399246,0.3479074310883061,0.28540735660783445,3423.4319325554457,"1,3,4,6,7,10,11,12",P0-MP09-MP08-MP05-MP02-MP16-MP15-MP14-MP13-P0,vns
4,9,vns_intra_relocate:intra_relocate_d1_r1_3_5,4,3325.0160707519744,598.9274640403465,3325.0160707519744,8,0.4702630294799896,0.3479074310883061,0.2870022077995567,3421.5395903542944,"1,3,4,6,7,10,11,12",P0-MP09-MP08-MP05-MP02-MP16-MP15-MP14-MP13-P0,vns
4,10,vns_intra_relocate:intra_relocate_d3_r1_4_2,4,3319.8462207031853,593.7576139915577,3319.8462207031853,8,0.4672998695868065,0.3479074310883061,0.2900070018579676,3416.8347495046996,"1,3,4,6,7,10,11,12",P0-MP09-MP08-MP05-MP02-MP16-MP15-MP14-MP13-P0,vns
4,11,vns_intra_relocate:intra_relocate_d1_r1_2_4,4,3317.25795791198,591.1693512003524,3317.25795791198,8,0.466728697155886,0.3479074310883061,0.29050088585011813,3414.347592542885,"1,3,4,6,7,10,11,12",P0-MP09-MP08-MP05-MP02-MP16-MP15-MP14-MP13-P0,vns
4,12,vns_intra_relocate:intra_relocate_d2_r1_1_2,4,3317.25795791198,591.1693512003524,3317.25795791198,8,0.469885369672636,0.36053412115530614,0.28642385879430926,3413.728833752525,"1,3,4,6,7,10,11,12",P0-MP09-MP08-MP05-MP02-MP16-MP15-MP14-MP13-P0,vns
4,13,vns_intra_relocate:intra_relocate_d3_r1_4_2,4,3316.6723160936044,590.5837093819764,3316.6723160936044,8,0.4694021261782905,0.36053412115530614,0.28692055395626503,3413.224933183302,"1,3,4,6,7,10,11,12",P0-MP09-MP08-MP05-MP02-MP16-MP15-MP14-MP13-P0,vns
4,14,vns_intra_relocate:intra_relocate_d1_r1_3_5,4,3315.6167887859874,589.5281820743596,3315.6167887859874,8,0.4671960618289621,0.36053412115530614,0.28885261082846,3412.4294670344607,"1,3,4,6,7,10,11,12",P0-MP09-MP08-MP05-MP02-MP16-MP15-MP14-MP13-P0,vns
4,15,vns_intra_relocate:intra_relocate_d3_r1_1_2,4,3314.53456483786,588.4459581262323,3314.53456483786,8,0.4654024851989471,0.36053412115530614,0.2907124484404809,3411.6146534616796,"1,3,4,6,7,10,11,12",P0-MP09-MP08-MP05-MP02-MP16-MP15-MP14-MP13-P0,vns
4,16,vns_intra_relocate:intra_relocate_d1_r1_5_1,4,3312.341377774835,586.2527710632074,3312.341377774835,8,0.46514645536324006,0.36053412115530614,0.2909391991909997,3409.4835259150004,"1,3,4,6,7,10,11,12",P0-MP09-MP08-MP05-MP02-MP16-MP15-MP14-MP13-P0,vns
4,17,vns_intra_relocate:intra_relocate_d3_r1_4_1,4,3311.896907710174,585.8083009985464,3311.896907710174,8,0.46398243633336755,0.36053412115530614,0.2921599919378955,3409.228480074315,"1,3,4,6,7,10,11,12",P0-MP09-MP08-MP05-MP02-MP16-MP15-MP14-MP13-P0,vns
4,18,vns_intra_relocate:intra_relocate_d1_r1_4_2,4,3309.166780420637,583.0781737090097,3309.166780420637,8,0.46316031375679534,0.36053412115530614,0.2928916436335774,3406.6372022108817,"1,3,4,6,7,10,11,12",P0-MP09-MP08-MP05-MP02-MP16-MP15-MP14-MP13-P0,vns
4,19,vns_intra_relocate:intra_relocate_d3_r1_4_1,4,3309.071797896178,582.9831911845502,3309.071797896178,8,0.46359956090523424,0.36053412115530614,0.2924296992843155,3406.4880717024944,"1,3,4,6,7,10,11,12",P0-MP09-MP08-MP05-MP02-MP16-MP15-MP14-MP13-P0,vns
