seed,drone_count,iteration_index,stage_name,destroy_method,repair_policy,removed_nodes,candidate_augmented_objective_s,current_augmented_objective_s,best_augmented_objective_s,accepted,temperature,stage_method_weight,route_count,selected_direct_confirm_nodes,iteration_runtime_s,elapsed_runtime_s
11,4,0,explore,cross_drone_migrate,priority_first,"13,14",3554.948147029473,3554.948147029473,3508.2925091932107,True,70.16585018386421,1.4500000000000002,4,"1,3,6,7,10,11,12",71.35896400000001,72.69239740000012
11,4,1,explore,cross_drone_migrate,priority_first,"13,2",3819.8998380511043,3554.948147029473,3508.2925091932107,False,63.149265165477786,1.4065,4,"1,3,6,7,10,11,12",62.17914209999981,134.8715439000007
11,4,2,balance,cross_drone_migrate,priority_first,"13,2",3819.8998380511043,3554.948147029473,3508.2925091932107,False,56.83433864893001,1.164,4,"1,3,6,7,10,11,12",23.200578700000733,158.07212479999998
11,4,3,balance,short_route_merge,manual_cost_first,"10,14,11",3557.1808466705716,3557.1808466705716,3508.2925091932107,True,51.15090478403701,1.5,4,"1,3,6,7,10,11,12",28.4393184999999,186.51144449999993
11,4,4,intensify,cross_drone_migrate,priority_first,"16,9",3639.155656650611,3557.1808466705716,3508.2925091932107,False,46.03581430563331,1.2125,4,"1,3,6,7,10,11,12",18.609650399999737,205.12109640000017
11,4,5,intensify,tail_remove,threshold_gap_first,"14,9",3636.4051564818365,3557.1808466705716,3508.2925091932107,False,41.43223287506998,1.3095,4,"1,3,6,7,10,11,12",20.094872500000747,225.21597010000005
23,4,2,balance,cross_drone_migrate,priority_first,"13,14",3554.948147029473,3508.2925091932107,3508.2925091932107,False,70.16585018386421,1.164,4,"1,3,6,7,10,11,12",56.35751410000012,56.73110120000001
23,4,3,balance,route_remove,manual_cost_first,"5,16,12,9",3595.9352817403565,3508.2925091932107,3508.2925091932107,False,63.149265165477786,0.97,4,"1,3,6,7,10,11,12",143.81888770000023,200.54999120000048
23,4,4,intensify,short_route_merge,manual_cost_first,"10,11,13,14",3855.474133217062,3508.2925091932107,3508.2925091932107,False,56.83433864893001,0.9215,4,"1,3,6,7,10,11,12",135.80224280000039,336.3522359999997
23,4,5,intensify,random_remove,priority_first,"3,4",3528.898298571797,3528.898298571797,3508.2925091932107,True,51.15090478403701,1.1,4,"1,3,4,7,10,11,12",54.206053099999735,390.5582912
37,4,0,explore,route_remove,manual_cost_first,"1,4,6,8",3850.6093009463693,3508.2925091932107,3508.2925091932107,False,70.16585018386421,1.1155,4,"1,3,6,7,10,11,12",110.84968370000024,112.07339879999927
37,4,1,explore,priority_remove,priority_first,"16,13,9",3563.2099259874176,3563.2099259874176,3508.2925091932107,True,63.149265165477786,1.25,7,"1,3,6,7,9,10,11,12,13,16",105.71995049999987,217.79335170000013
37,4,2,balance,cross_drone_migrate,priority_first,"9,8",3216.473518290226,3216.473518290226,3216.473518290226,True,56.83433864893001,2.8,8,"1,3,6,7,8,9,10,11,12,13,16",64.51370740000038,282.30706239999927
37,4,3,balance,cross_drone_migrate,priority_first,"16,2",3148.4562046336955,3148.4562046336955,3148.4562046336955,True,51.15090478403701,4.4,8,"1,2,3,6,7,8,9,10,11,12,13",62.98783889999959,345.2949026999995
37,4,4,intensify,priority_remove,priority_first,"16,13,9",3148.4562046336955,3148.4562046336955,3148.4562046336955,True,46.03581430563331,1.5499999999999998,8,"1,2,3,6,7,8,9,10,11,12,13",93.94979650000005,439.2447013000001
