stage,node_id,node_name,manual_point_id,priority_weight,additional_hover_needed_s,ground_saving_s,air_delta_s,total_improvement_s,score,drone_id,route_id,threshold_scale,drone_count
greedy_finish,1,B1-东立面裂缝,MP01,2.0,150.0,210.2399175997757,106.7999999999999,103.43991759977581,0.689599450665172,3,3,1.0,3
greedy_finish,10,B4-屋顶天沟堆积,MP10,2.0,145.0,187.79234423082946,38.200000000000045,149.5923442308294,1.0316713395229615,2,2,1.0,3
greedy_finish,3,B1-消防连廊顶部,MP03,1.0,75.0,121.25171936834317,0.0,121.25171936834317,1.616689591577909,1,1,1.0,3
greedy_finish,11,B5-屋顶消防标识遮挡,MP11,1.0,75.0,139.42103023630477,75.0,64.42103023630477,0.858947069817397,2,2,1.0,3
greedy_finish,1,B1-东立面裂缝,MP01,2.0,150.0,210.2399175997757,98.0,112.23991759977571,0.748266117331838,1,1,1.0,4
greedy_finish,7,B3-西侧窗框松动,MP07,2.0,155.0,179.92372694596727,10.0,169.92372694596727,1.096282109328821,4,4,1.0,4
greedy_finish,10,B4-屋顶天沟堆积,MP10,2.0,145.0,187.79234423082946,37.0,150.79234423082946,1.0399472015919273,3,3,1.0,4
greedy_finish,3,B1-消防连廊顶部,MP03,1.0,75.0,121.25171936834317,0.0,121.25171936834317,1.616689591577909,2,2,1.0,4
greedy_finish,11,B5-屋顶消防标识遮挡,MP11,1.0,75.0,139.42103023630477,75.0,64.42103023630477,0.858947069817397,3,3,1.0,4
greedy_finish,6,B2-北立面瓷砖鼓包,MP06,2.0,140.0,151.83906030019648,28.0,123.83906030019648,0.8845647164299748,4,4,1.0,4
greedy_finish,1,B1-东立面裂缝,MP01,2.0,150.0,210.2399175997757,106.7999999999999,103.43991759977581,0.689599450665172,3,3,1.0,3
greedy_finish,10,B4-屋顶天沟堆积,MP10,2.0,145.0,187.79234423082946,38.200000000000045,149.5923442308294,1.0316713395229615,2,2,1.0,3
greedy_finish,3,B1-消防连廊顶部,MP03,1.0,75.0,121.25171936834317,0.0,121.25171936834317,1.616689591577909,1,1,1.0,3
greedy_finish,11,B5-屋顶消防标识遮挡,MP11,1.0,75.0,139.42103023630477,75.0,64.42103023630477,0.858947069817397,2,2,1.0,3
greedy_finish,1,B1-东立面裂缝,MP01,2.0,150.0,210.2399175997757,98.0,112.23991759977571,0.748266117331838,1,1,1.0,4
greedy_finish,7,B3-西侧窗框松动,MP07,2.0,155.0,179.92372694596727,10.0,169.92372694596727,1.096282109328821,4,4,1.0,4
greedy_finish,10,B4-屋顶天沟堆积,MP10,2.0,145.0,187.79234423082946,37.0,150.79234423082946,1.0399472015919273,3,3,1.0,4
greedy_finish,3,B1-消防连廊顶部,MP03,1.0,75.0,121.25171936834317,0.0,121.25171936834317,1.616689591577909,2,2,1.0,4
greedy_finish,11,B5-屋顶消防标识遮挡,MP11,1.0,75.0,139.42103023630477,75.0,64.42103023630477,0.858947069817397,3,3,1.0,4
greedy_finish,6,B2-北立面瓷砖鼓包,MP06,2.0,140.0,151.83906030019648,28.0,123.83906030019648,0.8845647164299748,4,4,1.0,4
greedy_finish,1,B1-东立面裂缝,MP01,2.0,150.0,210.2399175997757,106.7999999999999,103.43991759977581,0.689599450665172,3,3,1.0,3
greedy_finish,10,B4-屋顶天沟堆积,MP10,2.0,145.0,187.79234423082946,38.200000000000045,149.5923442308294,1.0316713395229615,2,2,1.0,3
greedy_finish,3,B1-消防连廊顶部,MP03,1.0,75.0,121.25171936834317,0.0,121.25171936834317,1.616689591577909,1,1,1.0,3
greedy_finish,11,B5-屋顶消防标识遮挡,MP11,1.0,75.0,139.42103023630477,75.0,64.42103023630477,0.858947069817397,2,2,1.0,3
greedy_finish,1,B1-东立面裂缝,MP01,2.0,150.0,210.2399175997757,98.0,112.23991759977571,0.748266117331838,1,1,1.0,4
greedy_finish,7,B3-西侧窗框松动,MP07,2.0,155.0,179.92372694596727,10.0,169.92372694596727,1.096282109328821,4,4,1.0,4
greedy_finish,10,B4-屋顶天沟堆积,MP10,2.0,145.0,187.79234423082946,37.0,150.79234423082946,1.0399472015919273,3,3,1.0,4
greedy_finish,3,B1-消防连廊顶部,MP03,1.0,75.0,121.25171936834317,0.0,121.25171936834317,1.616689591577909,2,2,1.0,4
greedy_finish,11,B5-屋顶消防标识遮挡,MP11,1.0,75.0,139.42103023630477,75.0,64.42103023630477,0.858947069817397,3,3,1.0,4
greedy_finish,6,B2-北立面瓷砖鼓包,MP06,2.0,140.0,151.83906030019648,28.0,123.83906030019648,0.8845647164299748,4,4,1.0,4
greedy_finish,1,B1-东立面裂缝,MP01,2.0,190.0,210.2399175997757,146.7999999999999,63.43991759977581,0.3338943031567148,3,3,1.2,3
greedy_finish,10,B4-屋顶天沟堆积,MP10,2.0,183.0,187.79234423082946,36.200000000000045,151.5923442308294,0.8283734657422372,2,2,1.2,3
greedy_finish,3,B1-消防连廊顶部,MP03,1.0,97.0,121.25171936834317,0.0,121.25171936834317,1.2500177254468368,1,1,1.2,3
greedy_finish,1,B1-东立面裂缝,MP01,2.0,190.0,210.2399175997757,138.0,72.23991759977571,0.38021009263039846,1,1,1.2,4
greedy_finish,7,B3-西侧窗框松动,MP07,2.0,195.0,179.92372694596727,10.0,169.92372694596727,0.8714037279280373,4,4,1.2,4
greedy_finish,10,B4-屋顶天沟堆积,MP10,2.0,183.0,187.79234423082946,35.0,152.79234423082946,0.8349308427914178,3,3,1.2,4
greedy_finish,3,B1-消防连廊顶部,MP03,1.0,97.0,121.25171936834317,0.0,121.25171936834317,1.2500177254468368,2,2,1.2,4
greedy_finish,11,B5-屋顶消防标识遮挡,MP11,1.0,97.0,139.42103023630477,97.0,42.42103023630477,0.4373302086216987,3,3,1.2,4
greedy_finish,1,B1-东立面裂缝,MP01,2.0,190.0,210.2399175997757,146.7999999999999,63.43991759977581,0.3338943031567148,3,3,1.2,3
greedy_finish,10,B4-屋顶天沟堆积,MP10,2.0,183.0,187.79234423082946,36.200000000000045,151.5923442308294,0.8283734657422372,2,2,1.2,3
greedy_finish,3,B1-消防连廊顶部,MP03,1.0,97.0,121.25171936834317,0.0,121.25171936834317,1.2500177254468368,1,1,1.2,3
greedy_finish,1,B1-东立面裂缝,MP01,2.0,190.0,210.2399175997757,138.0,72.23991759977571,0.38021009263039846,1,1,1.2,4
greedy_finish,7,B3-西侧窗框松动,MP07,2.0,195.0,179.92372694596727,10.0,169.92372694596727,0.8714037279280373,4,4,1.2,4
greedy_finish,10,B4-屋顶天沟堆积,MP10,2.0,183.0,187.79234423082946,35.0,152.79234423082946,0.8349308427914178,3,3,1.2,4
greedy_finish,3,B1-消防连廊顶部,MP03,1.0,97.0,121.25171936834317,0.0,121.25171936834317,1.2500177254468368,2,2,1.2,4
greedy_finish,11,B5-屋顶消防标识遮挡,MP11,1.0,97.0,139.42103023630477,97.0,42.42103023630477,0.4373302086216987,3,3,1.2,4
greedy_finish,1,B1-东立面裂缝,MP01,2.0,190.0,210.2399175997757,146.7999999999999,63.43991759977581,0.3338943031567148,3,3,1.2,3
greedy_finish,10,B4-屋顶天沟堆积,MP10,2.0,183.0,187.79234423082946,36.200000000000045,151.5923442308294,0.8283734657422372,2,2,1.2,3
greedy_finish,3,B1-消防连廊顶部,MP03,1.0,97.0,121.25171936834317,0.0,121.25171936834317,1.2500177254468368,1,1,1.2,3
greedy_finish,1,B1-东立面裂缝,MP01,2.0,190.0,210.2399175997757,138.0,72.23991759977571,0.38021009263039846,1,1,1.2,4
greedy_finish,7,B3-西侧窗框松动,MP07,2.0,195.0,179.92372694596727,10.0,169.92372694596727,0.8714037279280373,4,4,1.2,4
greedy_finish,10,B4-屋顶天沟堆积,MP10,2.0,183.0,187.79234423082946,35.0,152.79234423082946,0.8349308427914178,3,3,1.2,4
greedy_finish,3,B1-消防连廊顶部,MP03,1.0,97.0,121.25171936834317,0.0,121.25171936834317,1.2500177254468368,2,2,1.2,4
greedy_finish,11,B5-屋顶消防标识遮挡,MP11,1.0,97.0,139.42103023630477,97.0,42.42103023630477,0.4373302086216987,3,3,1.2,4
greedy_finish,3,B1-消防连廊顶部,MP03,1.0,119.0,138.16773810403032,99.99999999999983,38.16773810403049,0.3207372949918529,1,1,1.4,3
greedy_finish,11,B5-屋顶消防标识遮挡,MP11,1.0,119.0,139.42103023630477,19.000000000000114,120.42103023630466,1.011941430557182,2,2,1.4,3
greedy_finish,1,B1-东立面裂缝,MP01,2.0,230.0,193.32389886408856,67.79999999999995,125.52389886408861,0.5457560820177766,3,3,1.4,3
greedy_finish,3,B1-消防连廊顶部,MP03,1.0,119.0,138.16773810403032,91.30000000000001,46.86773810403031,0.39384653868933034,2,2,1.4,4
greedy_finish,11,B5-屋顶消防标识遮挡,MP11,1.0,119.0,139.42103023630477,27.69999999999999,111.72103023630478,0.938832186859704,3,3,1.4,4
greedy_finish,1,B1-东立面裂缝,MP01,2.0,230.0,193.32389886408856,59.0,134.32389886408856,0.5840169515829937,1,1,1.4,4
greedy_finish,7,B3-西侧窗框松动,MP07,2.0,235.0,179.92372694596727,10.0,169.92372694596727,0.7230796891317757,4,4,1.4,4
greedy_finish,3,B1-消防连廊顶部,MP03,1.0,119.0,138.16773810403032,99.99999999999983,38.16773810403049,0.3207372949918529,1,1,1.4,3
greedy_finish,11,B5-屋顶消防标识遮挡,MP11,1.0,119.0,139.42103023630477,19.000000000000114,120.42103023630466,1.011941430557182,2,2,1.4,3
greedy_finish,1,B1-东立面裂缝,MP01,2.0,230.0,193.32389886408856,67.79999999999995,125.52389886408861,0.5457560820177766,3,3,1.4,3
greedy_finish,3,B1-消防连廊顶部,MP03,1.0,119.0,138.16773810403032,91.30000000000001,46.86773810403031,0.39384653868933034,2,2,1.4,4
greedy_finish,11,B5-屋顶消防标识遮挡,MP11,1.0,119.0,139.42103023630477,27.69999999999999,111.72103023630478,0.938832186859704,3,3,1.4,4
greedy_finish,1,B1-东立面裂缝,MP01,2.0,230.0,193.32389886408856,59.0,134.32389886408856,0.5840169515829937,1,1,1.4,4
greedy_finish,7,B3-西侧窗框松动,MP07,2.0,235.0,179.92372694596727,10.0,169.92372694596727,0.7230796891317757,4,4,1.4,4
greedy_finish,3,B1-消防连廊顶部,MP03,1.0,119.0,138.16773810403032,99.99999999999983,38.16773810403049,0.3207372949918529,1,1,1.4,3
greedy_finish,11,B5-屋顶消防标识遮挡,MP11,1.0,119.0,139.42103023630477,19.000000000000114,120.42103023630466,1.011941430557182,2,2,1.4,3
greedy_finish,1,B1-东立面裂缝,MP01,2.0,230.0,193.32389886408856,67.79999999999995,125.52389886408861,0.5457560820177766,3,3,1.4,3
greedy_finish,3,B1-消防连廊顶部,MP03,1.0,119.0,138.16773810403032,91.30000000000001,46.86773810403031,0.39384653868933034,2,2,1.4,4
greedy_finish,11,B5-屋顶消防标识遮挡,MP11,1.0,119.0,139.42103023630477,27.69999999999999,111.72103023630478,0.938832186859704,3,3,1.4,4
greedy_finish,1,B1-东立面裂缝,MP01,2.0,230.0,193.32389886408856,59.0,134.32389886408856,0.5840169515829937,1,1,1.4,4
greedy_finish,7,B3-西侧窗框松动,MP07,2.0,235.0,179.92372694596727,10.0,169.92372694596727,0.7230796891317757,4,4,1.4,4
