method,threshold_multiplier,swap_enabled,drone_count,node_id,node_name,priority_weight,base_hover_time_s,direct_confirm_time_s,final_hover_time_s,extra_hover_time_s,is_direct_confirmed,manual_point_id,manual_service_time_s
joint_baseline,1.0,False,1,1,B1-东立面裂缝,2.0,50.0,200.0,50.0,0.0,False,MP01,180.0
joint_baseline,1.0,False,1,2,B1-屋顶积水,3.0,60.0,520.0,60.0,0.0,False,MP02,180.0
joint_baseline,1.0,False,1,3,B1-消防连廊顶部,1.0,35.0,110.0,35.0,0.0,False,MP03,120.0
joint_baseline,1.0,False,1,4,B2-空调支架锈蚀,2.0,55.0,240.0,55.0,0.0,False,MP04,180.0
joint_baseline,1.0,False,1,5,B2-屋面排水口堵塞,3.0,50.0,420.0,50.0,0.0,False,MP05,180.0
joint_baseline,1.0,False,1,6,B2-北立面瓷砖鼓包,2.0,40.0,180.0,40.0,0.0,False,MP06,150.0
joint_baseline,1.0,False,1,7,B3-西侧窗框松动,2.0,45.0,200.0,45.0,0.0,False,MP07,150.0
joint_baseline,1.0,False,1,8,B3-屋顶通信箱体,3.0,60.0,560.0,60.0,0.0,False,MP08,180.0
joint_baseline,1.0,False,1,9,B4-南外墙脱落点,3.0,55.0,520.0,55.0,0.0,False,MP09,180.0
joint_baseline,1.0,False,1,10,B4-屋顶天沟堆积,2.0,45.0,190.0,45.0,0.0,False,MP10,180.0
joint_baseline,1.0,False,1,11,B5-屋顶消防标识遮挡,1.0,35.0,110.0,110.0,75.0,True,MP11,120.0
joint_baseline,1.0,False,1,12,B5-东侧外挂线缆,2.0,40.0,170.0,170.0,130.0,True,MP12,150.0
joint_baseline,1.0,False,1,13,B6-屋顶空调机组异常,3.0,60.0,540.0,60.0,0.0,False,MP13,180.0
joint_baseline,1.0,False,1,14,B6-西立面渗水痕迹,2.0,50.0,330.0,50.0,0.0,False,MP14,180.0
joint_baseline,1.0,False,1,15,B7-光伏棚支架松动,2.0,45.0,360.0,45.0,0.0,False,MP15,180.0
joint_baseline,1.0,False,1,16,B7-屋顶围挡破损,3.0,65.0,560.0,65.0,0.0,False,MP16,180.0
joint_baseline,1.0,False,2,1,B1-东立面裂缝,2.0,50.0,200.0,50.0,0.0,False,MP01,180.0
joint_baseline,1.0,False,2,2,B1-屋顶积水,3.0,60.0,520.0,60.0,0.0,False,MP02,180.0
joint_baseline,1.0,False,2,3,B1-消防连廊顶部,1.0,35.0,110.0,110.0,75.0,True,MP03,120.0
joint_baseline,1.0,False,2,4,B2-空调支架锈蚀,2.0,55.0,240.0,55.0,0.0,False,MP04,180.0
joint_baseline,1.0,False,2,5,B2-屋面排水口堵塞,3.0,50.0,420.0,50.0,0.0,False,MP05,180.0
joint_baseline,1.0,False,2,6,B2-北立面瓷砖鼓包,2.0,40.0,180.0,40.0,0.0,False,MP06,150.0
joint_baseline,1.0,False,2,7,B3-西侧窗框松动,2.0,45.0,200.0,45.0,0.0,False,MP07,150.0
joint_baseline,1.0,False,2,8,B3-屋顶通信箱体,3.0,60.0,560.0,60.0,0.0,False,MP08,180.0
joint_baseline,1.0,False,2,9,B4-南外墙脱落点,3.0,55.0,520.0,55.0,0.0,False,MP09,180.0
joint_baseline,1.0,False,2,10,B4-屋顶天沟堆积,2.0,45.0,190.0,45.0,0.0,False,MP10,180.0
joint_baseline,1.0,False,2,11,B5-屋顶消防标识遮挡,1.0,35.0,110.0,110.0,75.0,True,MP11,120.0
joint_baseline,1.0,False,2,12,B5-东侧外挂线缆,2.0,40.0,170.0,40.0,0.0,False,MP12,150.0
joint_baseline,1.0,False,2,13,B6-屋顶空调机组异常,3.0,60.0,540.0,60.0,0.0,False,MP13,180.0
joint_baseline,1.0,False,2,14,B6-西立面渗水痕迹,2.0,50.0,330.0,50.0,0.0,False,MP14,180.0
joint_baseline,1.0,False,2,15,B7-光伏棚支架松动,2.0,45.0,360.0,45.0,0.0,False,MP15,180.0
joint_baseline,1.0,False,2,16,B7-屋顶围挡破损,3.0,65.0,560.0,65.0,0.0,False,MP16,180.0
joint_baseline,1.0,False,3,1,B1-东立面裂缝,2.0,50.0,200.0,200.0,150.0,True,MP01,180.0
joint_baseline,1.0,False,3,2,B1-屋顶积水,3.0,60.0,520.0,60.0,0.0,False,MP02,180.0
joint_baseline,1.0,False,3,3,B1-消防连廊顶部,1.0,35.0,110.0,110.0,75.0,True,MP03,120.0
joint_baseline,1.0,False,3,4,B2-空调支架锈蚀,2.0,55.0,240.0,55.0,0.0,False,MP04,180.0
joint_baseline,1.0,False,3,5,B2-屋面排水口堵塞,3.0,50.0,420.0,50.0,0.0,False,MP05,180.0
joint_baseline,1.0,False,3,6,B2-北立面瓷砖鼓包,2.0,40.0,180.0,40.0,0.0,False,MP06,150.0
joint_baseline,1.0,False,3,7,B3-西侧窗框松动,2.0,45.0,200.0,45.0,0.0,False,MP07,150.0
joint_baseline,1.0,False,3,8,B3-屋顶通信箱体,3.0,60.0,560.0,60.0,0.0,False,MP08,180.0
joint_baseline,1.0,False,3,9,B4-南外墙脱落点,3.0,55.0,520.0,55.0,0.0,False,MP09,180.0
joint_baseline,1.0,False,3,10,B4-屋顶天沟堆积,2.0,45.0,190.0,190.0,145.0,True,MP10,180.0
joint_baseline,1.0,False,3,11,B5-屋顶消防标识遮挡,1.0,35.0,110.0,110.0,75.0,True,MP11,120.0
joint_baseline,1.0,False,3,12,B5-东侧外挂线缆,2.0,40.0,170.0,170.0,130.0,True,MP12,150.0
joint_baseline,1.0,False,3,13,B6-屋顶空调机组异常,3.0,60.0,540.0,60.0,0.0,False,MP13,180.0
joint_baseline,1.0,False,3,14,B6-西立面渗水痕迹,2.0,50.0,330.0,50.0,0.0,False,MP14,180.0
joint_baseline,1.0,False,3,15,B7-光伏棚支架松动,2.0,45.0,360.0,45.0,0.0,False,MP15,180.0
joint_baseline,1.0,False,3,16,B7-屋顶围挡破损,3.0,65.0,560.0,65.0,0.0,False,MP16,180.0
joint_baseline,1.0,False,4,1,B1-东立面裂缝,2.0,50.0,200.0,200.0,150.0,True,MP01,180.0
joint_baseline,1.0,False,4,2,B1-屋顶积水,3.0,60.0,520.0,60.0,0.0,False,MP02,180.0
joint_baseline,1.0,False,4,3,B1-消防连廊顶部,1.0,35.0,110.0,110.0,75.0,True,MP03,120.0
joint_baseline,1.0,False,4,4,B2-空调支架锈蚀,2.0,55.0,240.0,55.0,0.0,False,MP04,180.0
joint_baseline,1.0,False,4,5,B2-屋面排水口堵塞,3.0,50.0,420.0,50.0,0.0,False,MP05,180.0
joint_baseline,1.0,False,4,6,B2-北立面瓷砖鼓包,2.0,40.0,180.0,180.0,140.0,True,MP06,150.0
joint_baseline,1.0,False,4,7,B3-西侧窗框松动,2.0,45.0,200.0,200.0,155.0,True,MP07,150.0
joint_baseline,1.0,False,4,8,B3-屋顶通信箱体,3.0,60.0,560.0,60.0,0.0,False,MP08,180.0
joint_baseline,1.0,False,4,9,B4-南外墙脱落点,3.0,55.0,520.0,55.0,0.0,False,MP09,180.0
joint_baseline,1.0,False,4,10,B4-屋顶天沟堆积,2.0,45.0,190.0,190.0,145.0,True,MP10,180.0
joint_baseline,1.0,False,4,11,B5-屋顶消防标识遮挡,1.0,35.0,110.0,110.0,75.0,True,MP11,120.0
joint_baseline,1.0,False,4,12,B5-东侧外挂线缆,2.0,40.0,170.0,170.0,130.0,True,MP12,150.0
joint_baseline,1.0,False,4,13,B6-屋顶空调机组异常,3.0,60.0,540.0,60.0,0.0,False,MP13,180.0
joint_baseline,1.0,False,4,14,B6-西立面渗水痕迹,2.0,50.0,330.0,50.0,0.0,False,MP14,180.0
joint_baseline,1.0,False,4,15,B7-光伏棚支架松动,2.0,45.0,360.0,45.0,0.0,False,MP15,180.0
joint_baseline,1.0,False,4,16,B7-屋顶围挡破损,3.0,65.0,560.0,65.0,0.0,False,MP16,180.0
joint_with_swap,1.0,True,1,1,B1-东立面裂缝,2.0,50.0,200.0,50.0,0.0,False,MP01,180.0
joint_with_swap,1.0,True,1,2,B1-屋顶积水,3.0,60.0,520.0,60.0,0.0,False,MP02,180.0
joint_with_swap,1.0,True,1,3,B1-消防连廊顶部,1.0,35.0,110.0,35.0,0.0,False,MP03,120.0
joint_with_swap,1.0,True,1,4,B2-空调支架锈蚀,2.0,55.0,240.0,55.0,0.0,False,MP04,180.0
joint_with_swap,1.0,True,1,5,B2-屋面排水口堵塞,3.0,50.0,420.0,50.0,0.0,False,MP05,180.0
joint_with_swap,1.0,True,1,6,B2-北立面瓷砖鼓包,2.0,40.0,180.0,40.0,0.0,False,MP06,150.0
joint_with_swap,1.0,True,1,7,B3-西侧窗框松动,2.0,45.0,200.0,45.0,0.0,False,MP07,150.0
joint_with_swap,1.0,True,1,8,B3-屋顶通信箱体,3.0,60.0,560.0,60.0,0.0,False,MP08,180.0
joint_with_swap,1.0,True,1,9,B4-南外墙脱落点,3.0,55.0,520.0,55.0,0.0,False,MP09,180.0
joint_with_swap,1.0,True,1,10,B4-屋顶天沟堆积,2.0,45.0,190.0,45.0,0.0,False,MP10,180.0
joint_with_swap,1.0,True,1,11,B5-屋顶消防标识遮挡,1.0,35.0,110.0,110.0,75.0,True,MP11,120.0
joint_with_swap,1.0,True,1,12,B5-东侧外挂线缆,2.0,40.0,170.0,170.0,130.0,True,MP12,150.0
joint_with_swap,1.0,True,1,13,B6-屋顶空调机组异常,3.0,60.0,540.0,60.0,0.0,False,MP13,180.0
joint_with_swap,1.0,True,1,14,B6-西立面渗水痕迹,2.0,50.0,330.0,50.0,0.0,False,MP14,180.0
joint_with_swap,1.0,True,1,15,B7-光伏棚支架松动,2.0,45.0,360.0,45.0,0.0,False,MP15,180.0
joint_with_swap,1.0,True,1,16,B7-屋顶围挡破损,3.0,65.0,560.0,65.0,0.0,False,MP16,180.0
joint_with_swap,1.0,True,2,1,B1-东立面裂缝,2.0,50.0,200.0,50.0,0.0,False,MP01,180.0
joint_with_swap,1.0,True,2,2,B1-屋顶积水,3.0,60.0,520.0,60.0,0.0,False,MP02,180.0
joint_with_swap,1.0,True,2,3,B1-消防连廊顶部,1.0,35.0,110.0,110.0,75.0,True,MP03,120.0
joint_with_swap,1.0,True,2,4,B2-空调支架锈蚀,2.0,55.0,240.0,55.0,0.0,False,MP04,180.0
joint_with_swap,1.0,True,2,5,B2-屋面排水口堵塞,3.0,50.0,420.0,50.0,0.0,False,MP05,180.0
joint_with_swap,1.0,True,2,6,B2-北立面瓷砖鼓包,2.0,40.0,180.0,40.0,0.0,False,MP06,150.0
joint_with_swap,1.0,True,2,7,B3-西侧窗框松动,2.0,45.0,200.0,45.0,0.0,False,MP07,150.0
joint_with_swap,1.0,True,2,8,B3-屋顶通信箱体,3.0,60.0,560.0,60.0,0.0,False,MP08,180.0
joint_with_swap,1.0,True,2,9,B4-南外墙脱落点,3.0,55.0,520.0,55.0,0.0,False,MP09,180.0
joint_with_swap,1.0,True,2,10,B4-屋顶天沟堆积,2.0,45.0,190.0,45.0,0.0,False,MP10,180.0
joint_with_swap,1.0,True,2,11,B5-屋顶消防标识遮挡,1.0,35.0,110.0,110.0,75.0,True,MP11,120.0
joint_with_swap,1.0,True,2,12,B5-东侧外挂线缆,2.0,40.0,170.0,40.0,0.0,False,MP12,150.0
joint_with_swap,1.0,True,2,13,B6-屋顶空调机组异常,3.0,60.0,540.0,60.0,0.0,False,MP13,180.0
joint_with_swap,1.0,True,2,14,B6-西立面渗水痕迹,2.0,50.0,330.0,50.0,0.0,False,MP14,180.0
joint_with_swap,1.0,True,2,15,B7-光伏棚支架松动,2.0,45.0,360.0,45.0,0.0,False,MP15,180.0
joint_with_swap,1.0,True,2,16,B7-屋顶围挡破损,3.0,65.0,560.0,65.0,0.0,False,MP16,180.0
joint_with_swap,1.0,True,3,1,B1-东立面裂缝,2.0,50.0,200.0,200.0,150.0,True,MP01,180.0
joint_with_swap,1.0,True,3,2,B1-屋顶积水,3.0,60.0,520.0,60.0,0.0,False,MP02,180.0
joint_with_swap,1.0,True,3,3,B1-消防连廊顶部,1.0,35.0,110.0,110.0,75.0,True,MP03,120.0
joint_with_swap,1.0,True,3,4,B2-空调支架锈蚀,2.0,55.0,240.0,55.0,0.0,False,MP04,180.0
joint_with_swap,1.0,True,3,5,B2-屋面排水口堵塞,3.0,50.0,420.0,50.0,0.0,False,MP05,180.0
joint_with_swap,1.0,True,3,6,B2-北立面瓷砖鼓包,2.0,40.0,180.0,40.0,0.0,False,MP06,150.0
joint_with_swap,1.0,True,3,7,B3-西侧窗框松动,2.0,45.0,200.0,45.0,0.0,False,MP07,150.0
joint_with_swap,1.0,True,3,8,B3-屋顶通信箱体,3.0,60.0,560.0,60.0,0.0,False,MP08,180.0
joint_with_swap,1.0,True,3,9,B4-南外墙脱落点,3.0,55.0,520.0,55.0,0.0,False,MP09,180.0
joint_with_swap,1.0,True,3,10,B4-屋顶天沟堆积,2.0,45.0,190.0,190.0,145.0,True,MP10,180.0
joint_with_swap,1.0,True,3,11,B5-屋顶消防标识遮挡,1.0,35.0,110.0,110.0,75.0,True,MP11,120.0
joint_with_swap,1.0,True,3,12,B5-东侧外挂线缆,2.0,40.0,170.0,170.0,130.0,True,MP12,150.0
joint_with_swap,1.0,True,3,13,B6-屋顶空调机组异常,3.0,60.0,540.0,60.0,0.0,False,MP13,180.0
joint_with_swap,1.0,True,3,14,B6-西立面渗水痕迹,2.0,50.0,330.0,50.0,0.0,False,MP14,180.0
joint_with_swap,1.0,True,3,15,B7-光伏棚支架松动,2.0,45.0,360.0,45.0,0.0,False,MP15,180.0
joint_with_swap,1.0,True,3,16,B7-屋顶围挡破损,3.0,65.0,560.0,65.0,0.0,False,MP16,180.0
joint_with_swap,1.0,True,4,1,B1-东立面裂缝,2.0,50.0,200.0,200.0,150.0,True,MP01,180.0
joint_with_swap,1.0,True,4,2,B1-屋顶积水,3.0,60.0,520.0,60.0,0.0,False,MP02,180.0
joint_with_swap,1.0,True,4,3,B1-消防连廊顶部,1.0,35.0,110.0,110.0,75.0,True,MP03,120.0
joint_with_swap,1.0,True,4,4,B2-空调支架锈蚀,2.0,55.0,240.0,55.0,0.0,False,MP04,180.0
joint_with_swap,1.0,True,4,5,B2-屋面排水口堵塞,3.0,50.0,420.0,50.0,0.0,False,MP05,180.0
joint_with_swap,1.0,True,4,6,B2-北立面瓷砖鼓包,2.0,40.0,180.0,180.0,140.0,True,MP06,150.0
joint_with_swap,1.0,True,4,7,B3-西侧窗框松动,2.0,45.0,200.0,200.0,155.0,True,MP07,150.0
joint_with_swap,1.0,True,4,8,B3-屋顶通信箱体,3.0,60.0,560.0,60.0,0.0,False,MP08,180.0
joint_with_swap,1.0,True,4,9,B4-南外墙脱落点,3.0,55.0,520.0,55.0,0.0,False,MP09,180.0
joint_with_swap,1.0,True,4,10,B4-屋顶天沟堆积,2.0,45.0,190.0,190.0,145.0,True,MP10,180.0
joint_with_swap,1.0,True,4,11,B5-屋顶消防标识遮挡,1.0,35.0,110.0,110.0,75.0,True,MP11,120.0
joint_with_swap,1.0,True,4,12,B5-东侧外挂线缆,2.0,40.0,170.0,170.0,130.0,True,MP12,150.0
joint_with_swap,1.0,True,4,13,B6-屋顶空调机组异常,3.0,60.0,540.0,60.0,0.0,False,MP13,180.0
joint_with_swap,1.0,True,4,14,B6-西立面渗水痕迹,2.0,50.0,330.0,50.0,0.0,False,MP14,180.0
joint_with_swap,1.0,True,4,15,B7-光伏棚支架松动,2.0,45.0,360.0,45.0,0.0,False,MP15,180.0
joint_with_swap,1.0,True,4,16,B7-屋顶围挡破损,3.0,65.0,560.0,65.0,0.0,False,MP16,180.0
