drone_count,drone_id,route_id,route_order,stop_order,node_id,hover_time_s,route_duration_s,route_energy_j,route_path,drone_total_time_s
1,1,1,1,1,13,60.0,625.1954910379181,130756.7072255078,0-13-1-2-3-5-8-7-4-6-10-0,1312.1679583341565
1,1,1,1,2,1,50.0,625.1954910379181,130756.7072255078,0-13-1-2-3-5-8-7-4-6-10-0,1312.1679583341565
1,1,1,1,3,2,60.0,625.1954910379181,130756.7072255078,0-13-1-2-3-5-8-7-4-6-10-0,1312.1679583341565
1,1,1,1,4,3,35.0,625.1954910379181,130756.7072255078,0-13-1-2-3-5-8-7-4-6-10-0,1312.1679583341565
1,1,1,1,5,5,50.0,625.1954910379181,130756.7072255078,0-13-1-2-3-5-8-7-4-6-10-0,1312.1679583341565
1,1,1,1,6,8,60.0,625.1954910379181,130756.7072255078,0-13-1-2-3-5-8-7-4-6-10-0,1312.1679583341565
1,1,1,1,7,7,45.0,625.1954910379181,130756.7072255078,0-13-1-2-3-5-8-7-4-6-10-0,1312.1679583341565
1,1,1,1,8,4,55.0,625.1954910379181,130756.7072255078,0-13-1-2-3-5-8-7-4-6-10-0,1312.1679583341565
1,1,1,1,9,6,40.0,625.1954910379181,130756.7072255078,0-13-1-2-3-5-8-7-4-6-10-0,1312.1679583341565
1,1,1,1,10,10,45.0,625.1954910379181,130756.7072255078,0-13-1-2-3-5-8-7-4-6-10-0,1312.1679583341565
1,1,2,2,1,9,55.0,386.97246729623834,80056.5485246552,0-9-12-11-14-15-16-0,1312.1679583341565
1,1,2,2,2,12,40.0,386.97246729623834,80056.5485246552,0-9-12-11-14-15-16-0,1312.1679583341565
1,1,2,2,3,11,35.0,386.97246729623834,80056.5485246552,0-9-12-11-14-15-16-0,1312.1679583341565
1,1,2,2,4,14,50.0,386.97246729623834,80056.5485246552,0-9-12-11-14-15-16-0,1312.1679583341565
1,1,2,2,5,15,45.0,386.97246729623834,80056.5485246552,0-9-12-11-14-15-16-0,1312.1679583341565
1,1,2,2,6,16,65.0,386.97246729623834,80056.5485246552,0-9-12-11-14-15-16-0,1312.1679583341565
2,1,1,1,1,9,55.0,537.3864009302492,112460.50738418936,0-9-6-1-2-3-14-16-13-0,537.3864009302492
2,1,1,1,2,6,40.0,537.3864009302492,112460.50738418936,0-9-6-1-2-3-14-16-13-0,537.3864009302492
2,1,1,1,3,1,50.0,537.3864009302492,112460.50738418936,0-9-6-1-2-3-14-16-13-0,537.3864009302492
2,1,1,1,4,2,60.0,537.3864009302492,112460.50738418936,0-9-6-1-2-3-14-16-13-0,537.3864009302492
2,1,1,1,5,3,35.0,537.3864009302492,112460.50738418936,0-9-6-1-2-3-14-16-13-0,537.3864009302492
2,1,1,1,6,14,50.0,537.3864009302492,112460.50738418936,0-9-6-1-2-3-14-16-13-0,537.3864009302492
2,1,1,1,7,16,65.0,537.3864009302492,112460.50738418936,0-9-6-1-2-3-14-16-13-0,537.3864009302492
2,1,1,1,8,13,60.0,537.3864009302492,112460.50738418936,0-9-6-1-2-3-14-16-13-0,537.3864009302492
2,2,2,1,1,10,45.0,519.5031014636984,107463.61408981227,0-10-12-11-15-5-8-7-4-0,519.5031014636984
2,2,2,1,2,12,40.0,519.5031014636984,107463.61408981227,0-10-12-11-15-5-8-7-4-0,519.5031014636984
2,2,2,1,3,11,35.0,519.5031014636984,107463.61408981227,0-10-12-11-15-5-8-7-4-0,519.5031014636984
2,2,2,1,4,15,45.0,519.5031014636984,107463.61408981227,0-10-12-11-15-5-8-7-4-0,519.5031014636984
2,2,2,1,5,5,50.0,519.5031014636984,107463.61408981227,0-10-12-11-15-5-8-7-4-0,519.5031014636984
2,2,2,1,6,8,60.0,519.5031014636984,107463.61408981227,0-10-12-11-15-5-8-7-4-0,519.5031014636984
2,2,2,1,7,7,45.0,519.5031014636984,107463.61408981227,0-10-12-11-15-5-8-7-4-0,519.5031014636984
2,2,2,1,8,4,55.0,519.5031014636984,107463.61408981227,0-10-12-11-15-5-8-7-4-0,519.5031014636984
3,1,1,1,1,10,45.0,359.4366208489772,73962.45092809749,0-10-4-5-2-15-0,359.4366208489772
3,1,1,1,2,4,55.0,359.4366208489772,73962.45092809749,0-10-4-5-2-15-0,359.4366208489772
3,1,1,1,3,5,50.0,359.4366208489772,73962.45092809749,0-10-4-5-2-15-0,359.4366208489772
3,1,1,1,4,2,60.0,359.4366208489772,73962.45092809749,0-10-4-5-2-15-0,359.4366208489772
3,1,1,1,5,15,45.0,359.4366208489772,73962.45092809749,0-10-4-5-2-15-0,359.4366208489772
3,2,2,1,1,3,35.0,345.94969218196456,71274.03905202898,0-3-1-16-14-13-0,345.94969218196456
3,2,2,1,2,1,50.0,345.94969218196456,71274.03905202898,0-3-1-16-14-13-0,345.94969218196456
3,2,2,1,3,16,65.0,345.94969218196456,71274.03905202898,0-3-1-16-14-13-0,345.94969218196456
3,2,2,1,4,14,50.0,345.94969218196456,71274.03905202898,0-3-1-16-14-13-0,345.94969218196456
3,2,2,1,5,13,60.0,345.94969218196456,71274.03905202898,0-3-1-16-14-13-0,345.94969218196456
3,3,3,1,1,12,40.0,361.2994222894462,74771.28561331036,0-12-11-9-7-8-6-0,361.2994222894462
3,3,3,1,2,11,35.0,361.2994222894462,74771.28561331036,0-12-11-9-7-8-6-0,361.2994222894462
3,3,3,1,3,9,55.0,361.2994222894462,74771.28561331036,0-12-11-9-7-8-6-0,361.2994222894462
3,3,3,1,4,7,45.0,361.2994222894462,74771.28561331036,0-12-11-9-7-8-6-0,361.2994222894462
3,3,3,1,5,8,60.0,361.2994222894462,74771.28561331036,0-12-11-9-7-8-6-0,361.2994222894462
3,3,3,1,6,6,40.0,361.2994222894462,74771.28561331036,0-12-11-9-7-8-6-0,361.2994222894462
4,1,1,1,1,10,45.0,261.1978965115115,53977.183509279275,0-10-11-13-14-0,261.1978965115115
4,1,1,1,2,11,35.0,261.1978965115115,53977.183509279275,0-10-11-13-14-0,261.1978965115115
4,1,1,1,3,13,60.0,261.1978965115115,53977.183509279275,0-10-11-13-14-0,261.1978965115115
4,1,1,1,4,14,50.0,261.1978965115115,53977.183509279275,0-10-11-13-14-0,261.1978965115115
4,2,2,1,1,1,50.0,272.67815783571126,55940.275251470826,0-1-4-6-8-0,272.67815783571126
4,2,2,1,2,4,55.0,272.67815783571126,55940.275251470826,0-1-4-6-8-0,272.67815783571126
4,2,2,1,3,6,40.0,272.67815783571126,55940.275251470826,0-1-4-6-8-0,272.67815783571126
4,2,2,1,4,8,60.0,272.67815783571126,55940.275251470826,0-1-4-6-8-0,272.67815783571126
4,3,3,1,1,5,50.0,322.4278115474888,65964.70668640279,0-5-16-12-9-0,322.4278115474888
4,3,3,1,2,16,65.0,322.4278115474888,65964.70668640279,0-5-16-12-9-0,322.4278115474888
4,3,3,1,3,12,40.0,322.4278115474888,65964.70668640279,0-5-16-12-9-0,322.4278115474888
4,3,3,1,4,9,55.0,322.4278115474888,65964.70668640279,0-5-16-12-9-0,322.4278115474888
4,4,4,1,1,15,45.0,281.2381442028043,57771.15255215524,0-15-2-3-7-0,281.2381442028043
4,4,4,1,2,2,60.0,281.2381442028043,57771.15255215524,0-15-2-3-7-0,281.2381442028043
4,4,4,1,3,3,35.0,281.2381442028043,57771.15255215524,0-15-2-3-7-0,281.2381442028043
4,4,4,1,4,7,45.0,281.2381442028043,57771.15255215524,0-15-2-3-7-0,281.2381442028043
