drone_count,seed,generation,best_objective_s,feasible_count
1,11,0,5706.779712527249,1
1,11,1,5706.779712527249,2
1,11,2,5643.611974423218,5
1,11,3,5643.611974423218,5
1,11,4,5643.611974423218,6
1,11,5,5643.611974423218,6
1,11,6,5643.611974423218,7
1,11,7,5643.611974423218,8
1,11,8,5643.611974423218,8
1,11,9,5643.611974423218,7
1,11,10,5642.358682290944,7
1,11,11,5642.358682290944,5
1,11,12,5642.358682290944,4
1,11,13,5642.358682290944,4
1,11,14,5642.358682290944,6
1,11,15,5642.358682290944,5
1,11,16,5642.358682290944,7
1,11,17,5642.358682290944,5
1,11,18,5642.358682290944,4
1,11,19,5642.358682290944,7
1,11,20,5642.358682290944,8
1,11,21,5642.358682290944,6
1,11,22,5642.358682290944,5
1,11,23,5642.358682290944,6
1,23,0,5643.611974423218,2
1,23,1,5643.611974423218,4
1,23,2,5643.611974423218,6
1,23,3,5643.611974423218,10
1,23,4,5643.611974423218,6
1,23,5,5643.611974423218,6
1,23,6,5643.611974423218,7
1,23,7,5643.611974423218,7
1,23,8,5643.611974423218,6
1,23,9,5643.611974423218,6
1,23,10,5643.611974423218,7
1,23,11,5643.611974423218,6
1,23,12,5643.611974423218,6
1,23,13,5643.611974423218,7
1,23,14,5643.611974423218,8
1,23,15,5643.611974423218,9
1,23,16,5643.611974423218,7
1,23,17,5643.611974423218,7
1,23,18,5643.611974423218,7
1,23,19,5643.611974423218,8
1,23,20,5643.611974423218,6
1,23,21,5643.611974423218,9
1,23,22,5643.611974423218,6
1,23,23,5643.611974423218,6
2,11,0,4797.979712527249,1
2,11,1,4797.979712527249,2
2,11,2,4797.979712527249,4
2,11,3,4797.979712527249,5
2,11,4,4797.979712527249,6
2,11,5,4797.979712527249,6
2,11,6,4797.979712527249,6
2,11,7,4797.979712527249,7
2,11,8,4797.979712527249,8
2,11,9,4797.979712527249,7
2,11,10,4797.979712527249,5
2,11,11,4797.979712527249,5
2,11,12,4797.979712527249,5
2,11,13,4797.979712527249,4
2,11,14,4797.979712527249,5
2,11,15,4797.979712527249,4
2,11,16,4797.979712527249,7
2,11,17,4797.979712527249,6
2,11,18,4797.979712527249,5
2,11,19,4717.358682290944,7
2,11,20,4717.358682290944,8
2,11,21,4717.358682290944,6
2,11,22,4717.358682290944,5
2,11,23,4717.358682290944,6
2,23,0,4797.979712527249,1
2,23,1,4797.979712527249,1
2,23,2,4797.979712527249,1
2,23,3,4797.979712527249,3
2,23,4,4797.979712527249,4
2,23,5,4797.979712527249,6
2,23,6,4797.979712527249,7
2,23,7,4797.979712527249,7
2,23,8,4797.979712527249,6
2,23,9,4797.979712527249,6
2,23,10,4797.979712527249,7
2,23,11,4797.979712527249,5
2,23,12,4797.979712527249,6
2,23,13,4797.979712527249,7
2,23,14,4797.979712527249,8
2,23,15,4797.979712527249,9
2,23,16,4717.358682290944,8
2,23,17,4717.358682290944,7
2,23,18,4717.358682290944,7
2,23,19,4717.358682290944,7
2,23,20,4717.358682290944,6
2,23,21,4717.358682290944,9
2,23,22,4717.358682290944,6
2,23,23,4717.358682290944,7
3,11,0,4622.479712527249,1
3,11,1,4600.511381813143,3
3,11,2,4540.311974423219,5
3,11,3,4519.039794927473,6
3,11,4,4379.6187646911685,10
3,11,5,4379.6187646911685,9
3,11,6,4379.6187646911685,8
3,11,7,4379.6187646911685,9
3,11,8,4379.6187646911685,9
3,11,9,4379.6187646911685,7
3,11,10,4233.468967829209,9
3,11,11,4112.217248460866,9
3,11,12,4112.217248460866,10
3,11,13,4112.217248460866,6
3,11,14,4112.217248460866,6
3,11,15,4112.217248460866,5
3,11,16,4112.217248460866,9
3,11,17,4112.217248460866,6
3,11,18,4112.217248460866,6
3,11,19,4112.217248460866,9
3,11,20,4112.217248460866,8
3,11,21,4112.217248460866,9
3,11,22,4112.217248460866,8
3,11,23,4112.217248460866,7
3,23,0,4540.311974423219,3
3,23,1,4397.78807555913,7
3,23,2,4397.78807555913,9
3,23,3,4295.962027004756,10
3,23,4,4248.1957313283,7
3,23,5,4248.1957313283,8
3,23,6,4183.774701091996,8
3,23,7,4183.774701091996,6
3,23,8,4183.774701091996,7
3,23,9,4183.774701091996,11
3,23,10,4183.774701091996,8
3,23,11,4112.217248460866,7
3,23,12,4112.217248460866,7
3,23,13,4112.217248460866,7
3,23,14,4112.217248460866,9
3,23,15,4112.217248460866,11
3,23,16,4112.217248460866,8
3,23,17,4112.217248460866,9
3,23,18,4112.217248460866,8
3,23,19,4112.217248460866,10
3,23,20,4112.217248460866,6
3,23,21,4112.217248460866,9
3,23,22,4112.217248460866,8
3,23,23,4112.217248460866,8
4,11,0,4473.919037582313,2
4,11,1,4219.056569935851,6
4,11,2,4219.056569935851,12
4,11,3,4083.653071428164,12
4,11,4,4067.0882392217445,11
4,11,5,4067.0882392217445,10
4,11,6,3891.8431954687167,10
4,11,7,3835.2857428375864,10
4,11,8,3752.6194685227497,10
4,11,9,3752.6194685227497,10
4,11,10,3752.6194685227497,8
4,11,11,3752.6194685227497,7
4,11,12,3693.0903401509004,9
4,11,13,3693.0903401509004,10
4,11,14,3693.0903401509004,7
4,11,15,3693.0903401509004,4
4,11,16,3693.0903401509004,7
4,11,17,3693.0903401509004,7
4,11,18,3693.0903401509004,6
4,11,19,3693.0903401509004,9
4,11,20,3693.0903401509004,9
4,11,21,3693.0903401509004,10
4,11,22,3693.0903401509004,10
4,11,23,3693.0903401509004,8
4,23,0,4447.811974423219,3
4,23,1,4305.18807555913,7
4,23,2,4305.18807555913,9
4,23,3,4165.162027004756,10
4,23,4,4033.3806845448275,9
4,23,5,4013.1936962906507,9
4,23,6,3919.948652537622,9
4,23,7,3919.948652537622,11
4,23,8,3919.948652537622,8
4,23,9,3919.948652537622,12
4,23,10,3919.948652537622,9
4,23,11,3813.0249255916547,10
4,23,12,3813.0249255916547,8
4,23,13,3813.0249255916547,8
4,23,14,3813.0249255916547,9
4,23,15,3813.0249255916547,10
4,23,16,3813.0249255916547,8
4,23,17,3769.5024886393185,10
4,23,18,3752.6194685227497,9
4,23,19,3752.6194685227497,9
4,23,20,3752.6194685227497,6
4,23,21,3752.6194685227497,7
4,23,22,3752.6194685227497,9
4,23,23,3715.2824706977653,11
