drone_count,seed,iteration,best_objective_s,feasible_count
3,11,0,4622.479712527249,0
3,11,1,4622.479712527249,0
3,11,2,4622.479712527249,0
3,11,3,4622.479712527249,0
3,11,4,4622.479712527249,0
3,11,5,4622.479712527249,0
3,11,6,4363.427277759918,1
3,11,7,4363.427277759918,0
3,11,8,4335.342611114147,2
3,11,9,4335.342611114147,0
3,11,10,4335.342611114147,1
3,11,11,4335.342611114147,0
3,11,12,4335.342611114147,0
3,11,13,4335.342611114147,2
3,11,14,4335.342611114147,0
3,11,15,4335.342611114147,0
3,11,16,4289.680569892193,1
3,11,17,4289.680569892193,0
3,11,18,4289.680569892193,1
3,11,19,4289.680569892193,0
3,11,20,4289.680569892193,0
3,11,21,4289.680569892193,0
3,11,22,4289.680569892193,0
3,11,23,4289.680569892193,0
3,11,24,4289.680569892193,1
3,11,25,4289.680569892193,0
3,11,26,4289.680569892193,0
3,11,27,4289.680569892193,1
3,23,0,4579.68736829642,0
3,23,1,4579.68736829642,0
3,23,2,4579.68736829642,0
3,23,3,4448.672321512947,1
3,23,4,4448.672321512947,1
3,23,5,4448.672321512947,1
3,23,6,4448.672321512947,0
3,23,7,4448.672321512947,0
3,23,8,4448.672321512947,0
3,23,9,4448.672321512947,0
3,23,10,4428.0196219907475,1
3,23,11,4428.0196219907475,0
3,23,12,4428.0196219907475,0
3,23,13,4428.0196219907475,0
3,23,14,4428.0196219907475,0
3,23,15,4428.0196219907475,0
3,23,16,4428.0196219907475,1
3,23,17,4428.0196219907475,0
3,23,18,4428.0196219907475,0
3,23,19,4428.0196219907475,0
3,23,20,4428.0196219907475,0
3,23,21,4428.0196219907475,1
3,23,22,4428.0196219907475,0
3,23,23,4428.0196219907475,1
3,23,24,4428.0196219907475,1
3,23,25,4289.851883886718,2
3,23,26,4289.851883886718,1
3,23,27,4289.851883886718,2
4,11,0,4473.919037582313,0
4,11,1,4473.919037582313,0
4,11,2,3812.8202968540018,1
4,11,3,3812.8202968540018,0
4,11,4,3812.8202968540018,0
4,11,5,3800.4776251138537,1
4,11,6,3800.4776251138537,2
4,11,7,3800.4776251138537,3
4,11,8,3800.4776251138537,2
4,11,9,3800.4776251138537,0
4,11,10,3800.4776251138537,1
4,11,11,3800.4776251138537,0
4,11,12,3800.4776251138537,2
4,11,13,3800.4776251138537,2
4,11,14,3800.4776251138537,1
4,11,15,3800.4776251138537,1
4,11,16,3800.4776251138537,1
4,11,17,3800.4776251138537,1
4,11,18,3800.4776251138537,1
4,11,19,3800.4776251138537,0
4,11,20,3800.4776251138537,1
4,11,21,3800.4776251138537,0
4,11,22,3800.4776251138537,2
4,11,23,3752.4148397850963,2
4,11,24,3752.4148397850963,0
4,11,25,3752.4148397850963,1
4,11,26,3752.4148397850963,1
4,11,27,3752.4148397850963,3
4,23,0,4429.2964875356265,0
4,23,1,4429.2964875356265,0
4,23,2,4429.2964875356265,0
4,23,3,3764.9621402628977,2
4,23,4,3764.9621402628977,1
4,23,5,3740.0721680449483,2
4,23,6,3740.0721680449483,0
4,23,7,3740.0721680449483,0
4,23,8,3740.0721680449483,0
4,23,9,3740.0721680449483,0
4,23,10,3740.0721680449483,1
4,23,11,3740.0721680449483,1
4,23,12,3740.0721680449483,3
4,23,13,3740.0721680449483,1
4,23,14,3740.0721680449483,1
4,23,15,3709.097031570413,4
4,23,16,3709.097031570413,1
4,23,17,3709.097031570413,1
4,23,18,3709.097031570413,2
4,23,19,3709.097031570413,1
4,23,20,3709.097031570413,2
4,23,21,3709.097031570413,1
4,23,22,3709.097031570413,1
4,23,23,3709.097031570413,3
4,23,24,3709.097031570413,4
4,23,25,3709.097031570413,2
4,23,26,3709.097031570413,1
4,23,27,3709.097031570413,2
