seed,drone_count,iteration_index,destroy_method,removed_nodes,candidate_augmented_objective_s,current_augmented_objective_s,best_augmented_objective_s,accepted,temperature,route_count,selected_direct_confirm_nodes
11,1,0,priority_remove,"16,13,9",5303.4979394310985,5303.4979394310985,5303.4979394310985,True,106.68841060181926,2,"11,12"
11,1,1,route_remove,"12,11,13,14,15,16",5305.758297438873,5305.758297438873,5303.4979394310985,True,96.01956954163734,2,"11,12"
11,1,2,random_remove,"16,6",5304.625529905745,5304.625529905745,5303.4979394310985,True,86.41761258747361,2,"11,12"
23,1,0,route_remove,"13,1,2,3,5,8,7,4,6,10",5415.960492801128,5415.960492801128,5334.4205300909625,True,106.68841060181926,2,"1,3"
23,1,1,random_remove,"11,7",5415.960492801128,5415.960492801128,5334.4205300909625,True,96.01956954163734,2,"1,3"
23,1,2,route_remove,"5,8,10,9,12,11,13,14,15,16",5383.392881947269,5383.392881947269,5334.4205300909625,True,86.41761258747361,2,"11,12"
11,2,0,priority_remove,"16,13,9",4817.576903208195,4554.746172364481,4554.746172364481,False,91.09492344728962,2,"11,3"
11,2,1,route_remove,"9,6,1,2,3,14,16,13",5164.652901298108,4554.746172364481,4554.746172364481,False,81.98543110256065,2,"11,3"
11,2,2,route_remove,"9,6,1,2,3,14,16,13",5164.652901298108,4554.746172364481,4554.746172364481,False,73.78688799230459,2,"11,3"
23,2,0,priority_remove,"16,13,9",4817.576903208195,4554.746172364481,4554.746172364481,False,91.09492344728962,2,"11,3"
23,2,1,tail_remove,"16,13",4819.003591899258,4554.746172364481,4554.746172364481,False,81.98543110256065,2,"11,3"
23,2,2,tail_remove,"16,13",4819.003591899258,4554.746172364481,4554.746172364481,False,73.78688799230459,2,"11,3"
