drone_count,solution_type,node_id,node_name,priority_weight,allocated_hover_time_s,extra_hover_added_s,direct_confirm_time_s,drone_id,route_id,manual_point_id,manual_service_time_s,direct_confirmed,confirmed_by_extra_hover,manual_route,seed
4,f_ga,1,B1-东立面裂缝,2,200.0,150.0,200,2,2,MP01,180,True,True,P0-MP09-MP08-MP04-MP05-MP02-MP13-MP14-MP15-MP16-P0,11
4,f_ga,2,B1-屋顶积水,3,60.0,0.0,520,4,4,MP02,180,False,False,P0-MP09-MP08-MP04-MP05-MP02-MP13-MP14-MP15-MP16-P0,11
4,f_ga,3,B1-消防连廊顶部,1,110.0,75.0,110,4,4,MP03,120,True,True,P0-MP09-MP08-MP04-MP05-MP02-MP13-MP14-MP15-MP16-P0,11
4,f_ga,4,B2-空调支架锈蚀,2,55.0,0.0,240,2,2,MP04,180,False,False,P0-MP09-MP08-MP04-MP05-MP02-MP13-MP14-MP15-MP16-P0,11
4,f_ga,5,B2-屋面排水口堵塞,3,50.0,0.0,420,3,3,MP05,180,False,False,P0-MP09-MP08-MP04-MP05-MP02-MP13-MP14-MP15-MP16-P0,11
4,f_ga,6,B2-北立面瓷砖鼓包,2,180.0,140.0,180,2,2,MP06,150,True,True,P0-MP09-MP08-MP04-MP05-MP02-MP13-MP14-MP15-MP16-P0,11
4,f_ga,7,B3-西侧窗框松动,2,200.0,155.0,200,4,4,MP07,150,True,True,P0-MP09-MP08-MP04-MP05-MP02-MP13-MP14-MP15-MP16-P0,11
4,f_ga,8,B3-屋顶通信箱体,3,60.0,0.0,560,2,2,MP08,180,False,False,P0-MP09-MP08-MP04-MP05-MP02-MP13-MP14-MP15-MP16-P0,11
4,f_ga,9,B4-南外墙脱落点,3,55.0,0.0,520,3,3,MP09,180,False,False,P0-MP09-MP08-MP04-MP05-MP02-MP13-MP14-MP15-MP16-P0,11
4,f_ga,10,B4-屋顶天沟堆积,2,190.0,145.0,190,1,1,MP10,180,True,True,P0-MP09-MP08-MP04-MP05-MP02-MP13-MP14-MP15-MP16-P0,11
4,f_ga,11,B5-屋顶消防标识遮挡,1,110.0,75.0,110,1,1,MP11,120,True,True,P0-MP09-MP08-MP04-MP05-MP02-MP13-MP14-MP15-MP16-P0,11
4,f_ga,12,B5-东侧外挂线缆,2,170.0,130.0,170,3,3,MP12,150,True,True,P0-MP09-MP08-MP04-MP05-MP02-MP13-MP14-MP15-MP16-P0,11
4,f_ga,13,B6-屋顶空调机组异常,3,60.0,0.0,540,1,1,MP13,180,False,False,P0-MP09-MP08-MP04-MP05-MP02-MP13-MP14-MP15-MP16-P0,11
4,f_ga,14,B6-西立面渗水痕迹,2,50.0,0.0,330,1,1,MP14,180,False,False,P0-MP09-MP08-MP04-MP05-MP02-MP13-MP14-MP15-MP16-P0,11
4,f_ga,15,B7-光伏棚支架松动,2,45.0,0.0,360,4,4,MP15,180,False,False,P0-MP09-MP08-MP04-MP05-MP02-MP13-MP14-MP15-MP16-P0,11
4,f_ga,16,B7-屋顶围挡破损,3,65.0,0.0,560,3,3,MP16,180,False,False,P0-MP09-MP08-MP04-MP05-MP02-MP13-MP14-MP15-MP16-P0,11
