threshold_multiplier,swap_enabled,drone_count,drone_id,route_id,route_order,route_mode,route_path,route_duration_s,route_energy_j,drone_total_time_s
0.8,False,1,1,1,1,base,0-13-1-2-3-5-8-7-4-6-10-0,625.1954910379181,130756.7072255078,1461.1679583341563
0.8,False,1,1,2,2,base,0-9-12-11-14-15-16-0,535.9724672962384,112836.5485246552,1461.1679583341563
0.8,False,2,1,1,1,base,0-9-6-1-2-3-14-16-13-0,590.3864009302492,124120.50738418936,590.3864009302492
0.8,False,2,2,2,1,base,0-10-12-11-15-5-8-7-4-0,572.5031014636984,119123.61408981228,572.5031014636984
0.8,False,3,1,1,1,base,0-10-4-5-2-15-0,603.4366208489772,127642.45092809749,603.4366208489772
0.8,False,3,2,2,1,base,0-3-1-16-14-13-0,508.94969218196456,107134.03905202898,508.94969218196456
0.8,False,3,3,3,1,base,0-12-11-9-7-8-6-0,625.2994222894463,132851.28561331035,625.2994222894463
0.8,False,4,1,1,1,base,0-10-11-13-14-0,421.1978965115115,89177.18350927928,421.1978965115115
0.8,False,4,2,2,1,base,0-1-4-6-8-0,623.6781578357113,133160.27525147083,623.6781578357113
0.8,False,4,3,3,1,base,0-5-16-12-9-0,418.4278115474888,87084.70668640279,418.4278115474888
0.8,False,4,4,4,1,base,0-15-2-3-7-0,449.2381442028043,94731.15255215524,449.2381442028043
1.0,False,1,1,1,1,base,0-13-1-2-3-5-8-7-4-6-10-0,625.1954910379181,130756.7072255078,1517.1679583341563
1.0,False,1,1,2,2,base,0-9-12-11-14-15-16-0,591.9724672962384,125156.5485246552,1517.1679583341563
1.0,False,2,1,1,1,base,0-9-6-1-2-3-14-16-13-0,612.3864009302492,128960.50738418936,612.3864009302492
1.0,False,2,2,2,1,base,0-10-12-11-15-5-8-7-4-0,594.5031014636984,123963.61408981228,594.5031014636984
1.0,False,3,1,1,1,base,0-10-4-5-2-15-0,504.4366208489772,105862.45092809749,504.4366208489772
1.0,False,3,2,2,1,base,0-3-1-16-14-13-0,570.9496921819646,120774.03905202898,570.9496921819646
1.0,False,3,3,3,1,base,0-12-11-9-7-8-6-0,566.2994222894463,119871.28561331036,566.2994222894463
1.0,False,4,1,1,1,base,0-10-11-13-14-0,481.1978965115115,102377.18350927928,481.1978965115115
1.0,False,4,2,2,1,base,0-1-4-6-8-0,562.6781578357113,119740.27525147083,562.6781578357113
1.0,False,4,3,3,1,base,0-5-16-12-9-0,452.4278115474888,94564.70668640279,452.4278115474888
1.0,False,4,4,4,1,base,0-15-2-3-7-0,511.2381442028043,108371.15255215524,511.2381442028043
1.2,False,1,1,1,1,base,0-13-1-2-3-5-8-7-4-6-10-0,625.1954910379181,130756.7072255078,1409.1679583341563
1.2,False,1,1,2,2,base,0-9-12-11-14-15-16-0,483.9724672962384,101396.5485246552,1409.1679583341563
1.2,False,2,1,1,1,base,0-9-6-1-2-3-14-16-13-0,634.3864009302492,133800.50738418935,634.3864009302492
1.2,False,2,2,2,1,base,0-10-12-11-15-5-8-7-4-0,616.5031014636984,128803.61408981228,616.5031014636984
1.2,False,3,1,1,1,base,0-10-4-5-2-15-0,542.4366208489772,114222.45092809749,542.4366208489772
1.2,False,3,2,2,1,base,0-3-1-16-14-13-0,632.9496921819646,134414.03905202897,632.9496921819646
1.2,False,3,3,3,1,base,0-12-11-9-7-8-6-0,622.2994222894463,132191.28561331035,622.2994222894463
1.2,False,4,1,1,1,base,0-10-11-13-14-0,541.1978965115115,115577.18350927928,541.1978965115115
1.2,False,4,2,2,1,base,0-1-4-6-8-0,462.67815783571126,97740.27525147083,462.67815783571126
1.2,False,4,3,3,1,base,0-5-16-12-9-0,486.4278115474888,102044.70668640279,486.4278115474888
1.2,False,4,4,4,1,base,0-15-2-3-7-0,573.2381442028043,122011.15255215524,573.2381442028043
1.4,False,1,1,1,1,base,0-13-1-2-3-5-8-7-4-6-10-0,625.1954910379181,130756.7072255078,1431.1679583341563
1.4,False,1,1,2,2,base,0-9-12-11-14-15-16-0,505.9724672962384,106236.5485246552,1431.1679583341563
1.4,False,2,1,1,1,base,0-9-6-1-2-3-14-16-13-0,537.3864009302492,112460.50738418936,537.3864009302492
1.4,False,2,2,2,1,base,0-10-12-11-15-5-8-7-4-0,638.5031014636984,133643.61408981227,638.5031014636984
1.4,False,3,1,1,1,base,0-10-4-5-2-15-0,580.4366208489772,122582.45092809749,580.4366208489772
1.4,False,3,2,2,1,base,0-3-1-16-14-13-0,464.94969218196456,97454.03905202898,464.94969218196456
1.4,False,3,3,3,1,base,0-12-11-9-7-8-6-0,480.2994222894462,100951.28561331036,480.2994222894462
1.4,False,4,1,1,1,base,0-10-11-13-14-0,601.1978965115115,128777.18350927928,601.1978965115115
1.4,False,4,2,2,1,base,0-1-4-6-8-0,502.67815783571126,106540.27525147083,502.67815783571126
1.4,False,4,3,3,1,base,0-5-16-12-9-0,520.4278115474888,109524.70668640279,520.4278115474888
1.4,False,4,4,4,1,base,0-15-2-3-7-0,516.2381442028043,109471.15255215524,516.2381442028043
