node_id,node_name,building_id,x_m,y_m,z_m,priority_level,priority_weight,issue_type,base_hover_time_s,direct_confirm_time_s,extra_confirm_time_s,manual_point_id,manual_x_m,manual_y_m,manual_service_time_s,direct_out_back_flight_energy_J,direct_base_roundtrip_total_energy_J,direct_confirm_roundtrip_total_energy_J,remarks,drone_id,route_id,route_order,hover_time_s,route_duration_s,route_energy_j,drone_total_time_s,allocated_hover_time_s,extra_hover_added_s,direct_confirmed,confirmed_by_extra_hover,stop_order,route_stop_count,previous_node_id,route_progress_ratio,solution_type,selected_by_guidance,move_tag,route_count
1,B1-东立面裂缝,B1,92,148,18,中,2,立面裂缝,50,200,,MP01,92,148,180,,,,靠近东南角,1,1,1,50.0,611.48023614672,128233.08675705055,1502.6975463197612,50.0,0.0,False,False,3,10,3,0.3,taskcount_joint,False,vns_two_opt:two_opt_d1_r2_4_6,2
2,B1-屋顶积水,B1,78,138,31,高,3,排水异常,60,520,,MP02,78,138,180,,,,雨后优先复核；无人机直接确认门槛较高,1,1,1,60.0,611.48023614672,128233.08675705055,1502.6975463197612,60.0,0.0,False,False,4,10,1,0.4,taskcount_joint,False,vns_two_opt:two_opt_d1_r2_4_6,2
3,B1-消防连廊顶部,B1,84,126,24,低,1,附属设施,35,110,,MP03,84,126,120,,,,例行巡查,1,1,1,35.0,611.48023614672,128233.08675705055,1502.6975463197612,35.0,0.0,False,False,2,10,13,0.2,taskcount_joint,False,vns_two_opt:two_opt_d1_r2_4_6,2
4,B2-空调支架锈蚀,B2,158,68,20,中,2,金属锈蚀,55,240,,MP04,158,68,180,,,,住户投诉点,1,1,1,55.0,611.48023614672,128233.08675705055,1502.6975463197612,55.0,0.0,False,False,6,10,5,0.6,taskcount_joint,False,vns_two_opt:two_opt_d1_r2_4_6,2
5,B2-屋面排水口堵塞,B2,146,82,34,高,3,排水异常,50,420,,MP05,146,82,180,,,,排水类问题需更长观测时间,1,1,1,50.0,611.48023614672,128233.08675705055,1502.6975463197612,50.0,0.0,False,False,5,10,2,0.5,taskcount_joint,False,vns_two_opt:two_opt_d1_r2_4_6,2
6,B2-北立面瓷砖鼓包,B2,172,54,16,中,2,外立面风险,40,180,,MP06,172,54,150,,,,需近距离确认,1,1,1,40.0,611.48023614672,128233.08675705055,1502.6975463197612,40.0,0.0,False,False,7,10,4,0.7,taskcount_joint,False,vns_two_opt:two_opt_d1_r2_4_6,2
7,B3-西侧窗框松动,B3,206,-36,22,中,2,构件松动,45,200,,MP07,206,-36,150,,,,风大时优先,1,1,1,45.0,611.48023614672,128233.08675705055,1502.6975463197612,45.0,0.0,False,False,8,10,6,0.8,taskcount_joint,False,vns_two_opt:two_opt_d1_r2_4_6,2
8,B3-屋顶通信箱体,B3,194,-22,36,高,3,设备异常,60,560,,MP08,194,-22,180,,,,设备异常识别困难，建议与人工复核比较,1,1,1,60.0,611.48023614672,128233.08675705055,1502.6975463197612,60.0,0.0,False,False,9,10,7,0.9,taskcount_joint,False,vns_two_opt:two_opt_d1_r2_4_6,2
9,B4-南外墙脱落点,B4,46,-128,17,高,3,外立面风险,55,520,,MP09,46,-128,180,,,,高风险脱落点，建议比较空地分工,1,2,2,55.0,386.2173101730411,125455.02741426213,1502.6975463197612,55.0,0.0,False,False,1,6,0,0.16666666666666666,taskcount_joint,False,vns_two_opt:two_opt_d1_r2_4_6,2
10,B4-屋顶天沟堆积,B4,56,-116,30,中,2,排水异常,45,190,,MP10,56,-116,180,,,,清运后复检,1,1,1,45.0,611.48023614672,128233.08675705055,1502.6975463197612,45.0,0.0,False,False,10,10,8,1.0,taskcount_joint,False,vns_two_opt:two_opt_d1_r2_4_6,2
11,B5-屋顶消防标识遮挡,B5,-84,-154,25,低,1,标识问题,35,110,,MP11,-84,-154,120,,,,例行巡查,1,2,2,35.0,386.2173101730411,125455.02741426213,1502.6975463197612,110.0,75.0,True,True,3,6,12,0.5,taskcount_joint,True,vns_two_opt:two_opt_d1_r2_4_6,2
12,B5-东侧外挂线缆,B5,-72,-144,12,中,2,线缆异常,40,170,,MP12,-72,-144,150,,,,需到场确认,1,2,2,40.0,386.2173101730411,125455.02741426213,1502.6975463197612,170.0,130.0,True,True,2,6,9,0.3333333333333333,taskcount_joint,True,vns_two_opt:two_opt_d1_r2_4_6,2
13,B6-屋顶空调机组异常,B6,-148,46,24,高,3,设备异常,60,540,,MP13,-148,46,180,,,,设备异常识别困难，阈值上调,1,1,1,60.0,611.48023614672,128233.08675705055,1502.6975463197612,60.0,0.0,False,False,1,10,0,0.1,taskcount_joint,False,vns_two_opt:two_opt_d1_r2_4_6,2
14,B6-西立面渗水痕迹,B6,-162,58,18,中,2,渗漏风险,50,330,,MP14,-162,58,180,,,,雨天后易复发,1,2,2,50.0,386.2173101730411,125455.02741426213,1502.6975463197612,50.0,0.0,False,False,6,6,15,1.0,taskcount_joint,False,vns_two_opt:two_opt_d1_r2_4_6,2
15,B7-光伏棚支架松动,B7,-204,162,22,中,2,构件松动,45,360,,MP15,-204,162,180,,,,需结合地面查看,1,2,2,45.0,386.2173101730411,125455.02741426213,1502.6975463197612,45.0,0.0,False,False,5,6,16,0.8333333333333334,taskcount_joint,False,vns_two_opt:two_opt_d1_r2_4_6,2
16,B7-屋顶围挡破损,B7,-192,176,34,高,3,屋顶构件,65,560,,MP16,-192,176,180,,,,高风险屋顶构件，直接确认门槛最高,1,2,2,65.0,386.2173101730411,125455.02741426213,1502.6975463197612,65.0,0.0,False,False,4,6,11,0.6666666666666666,taskcount_joint,False,vns_two_opt:two_opt_d1_r2_4_6,2
1,B1-东立面裂缝,B1,92,148,18,中,2,立面裂缝,50,200,,MP01,92,148,180,,,,靠近东南角,1,1,1,50.0,479.75514172749047,134065.51806204312,629.7551417274905,200.0,150.0,True,True,2,7,9,0.2857142857142857,taskcount_joint,True,vns_intra_relocate:intra_relocate_d2_r1_3_9,2
2,B1-屋顶积水,B1,78,138,31,高,3,排水异常,60,520,,MP02,78,138,180,,,,雨后优先复核；无人机直接确认门槛较高,1,1,1,60.0,479.75514172749047,134065.51806204312,629.7551417274905,60.0,0.0,False,False,4,7,3,0.5714285714285714,taskcount_joint,False,vns_intra_relocate:intra_relocate_d2_r1_3_9,2
3,B1-消防连廊顶部,B1,84,126,24,低,1,附属设施,35,110,,MP03,84,126,120,,,,例行巡查,1,1,1,35.0,479.75514172749047,134065.51806204312,629.7551417274905,35.0,0.0,False,False,3,7,1,0.42857142857142855,taskcount_joint,False,vns_intra_relocate:intra_relocate_d2_r1_3_9,2
4,B2-空调支架锈蚀,B2,158,68,20,中,2,金属锈蚀,55,240,,MP04,158,68,180,,,,住户投诉点,2,1,1,55.0,554.5559455393113,132744.07721678365,629.5559455393113,55.0,0.0,False,False,8,9,6,0.8888888888888888,taskcount_joint,False,vns_intra_relocate:intra_relocate_d2_r1_3_9,2
5,B2-屋面排水口堵塞,B2,146,82,34,高,3,排水异常,50,420,,MP05,146,82,180,,,,排水类问题需更长观测时间,2,1,1,50.0,554.5559455393113,132744.07721678365,629.5559455393113,50.0,0.0,False,False,4,9,10,0.4444444444444444,taskcount_joint,False,vns_intra_relocate:intra_relocate_d2_r1_3_9,2
6,B2-北立面瓷砖鼓包,B2,172,54,16,中,2,外立面风险,40,180,,MP06,172,54,150,,,,需近距离确认,2,1,1,40.0,554.5559455393113,132744.07721678365,629.5559455393113,40.0,0.0,False,False,7,9,7,0.7777777777777778,taskcount_joint,False,vns_intra_relocate:intra_relocate_d2_r1_3_9,2
7,B3-西侧窗框松动,B3,206,-36,22,中,2,构件松动,45,200,,MP07,206,-36,150,,,,风大时优先,2,1,1,45.0,554.5559455393113,132744.07721678365,629.5559455393113,45.0,0.0,False,False,6,9,8,0.6666666666666666,taskcount_joint,False,vns_intra_relocate:intra_relocate_d2_r1_3_9,2
8,B3-屋顶通信箱体,B3,194,-22,36,高,3,设备异常,60,560,,MP08,194,-22,180,,,,设备异常识别困难，建议与人工复核比较,2,1,1,60.0,554.5559455393113,132744.07721678365,629.5559455393113,60.0,0.0,False,False,5,9,5,0.5555555555555556,taskcount_joint,False,vns_intra_relocate:intra_relocate_d2_r1_3_9,2
9,B4-南外墙脱落点,B4,46,-128,17,高,3,外立面风险,55,520,,MP09,46,-128,180,,,,高风险脱落点，建议比较空地分工,1,1,1,55.0,479.75514172749047,134065.51806204312,629.7551417274905,55.0,0.0,False,False,1,7,0,0.14285714285714285,taskcount_joint,False,vns_intra_relocate:intra_relocate_d2_r1_3_9,2
10,B4-屋顶天沟堆积,B4,56,-116,30,中,2,排水异常,45,190,,MP10,56,-116,180,,,,清运后复检,2,1,1,45.0,554.5559455393113,132744.07721678365,629.5559455393113,45.0,0.0,False,False,3,9,11,0.3333333333333333,taskcount_joint,False,vns_intra_relocate:intra_relocate_d2_r1_3_9,2
11,B5-屋顶消防标识遮挡,B5,-84,-154,25,低,1,标识问题,35,110,,MP11,-84,-154,120,,,,例行巡查,2,1,1,35.0,554.5559455393113,132744.07721678365,629.5559455393113,110.0,75.0,True,True,2,9,12,0.2222222222222222,taskcount_joint,True,vns_intra_relocate:intra_relocate_d2_r1_3_9,2
12,B5-东侧外挂线缆,B5,-72,-144,12,中,2,线缆异常,40,170,,MP12,-72,-144,150,,,,需到场确认,2,1,1,40.0,554.5559455393113,132744.07721678365,629.5559455393113,40.0,0.0,False,False,1,9,0,0.1111111111111111,taskcount_joint,False,vns_intra_relocate:intra_relocate_d2_r1_3_9,2
13,B6-屋顶空调机组异常,B6,-148,46,24,高,3,设备异常,60,540,,MP13,-148,46,180,,,,设备异常识别困难，阈值上调,1,1,1,60.0,479.75514172749047,134065.51806204312,629.7551417274905,60.0,0.0,False,False,6,7,16,0.8571428571428571,taskcount_joint,False,vns_intra_relocate:intra_relocate_d2_r1_3_9,2
14,B6-西立面渗水痕迹,B6,-162,58,18,中,2,渗漏风险,50,330,,MP14,-162,58,180,,,,雨天后易复发,1,1,1,50.0,479.75514172749047,134065.51806204312,629.7551417274905,50.0,0.0,False,False,7,7,13,1.0,taskcount_joint,False,vns_intra_relocate:intra_relocate_d2_r1_3_9,2
15,B7-光伏棚支架松动,B7,-204,162,22,中,2,构件松动,45,360,,MP15,-204,162,180,,,,需结合地面查看,2,1,1,45.0,554.5559455393113,132744.07721678365,629.5559455393113,45.0,0.0,False,False,9,9,4,1.0,taskcount_joint,False,vns_intra_relocate:intra_relocate_d2_r1_3_9,2
16,B7-屋顶围挡破损,B7,-192,176,34,高,3,屋顶构件,65,560,,MP16,-192,176,180,,,,高风险屋顶构件，直接确认门槛最高,1,1,1,65.0,479.75514172749047,134065.51806204312,629.7551417274905,65.0,0.0,False,False,5,7,2,0.7142857142857143,taskcount_joint,False,vns_intra_relocate:intra_relocate_d2_r1_3_9,2
1,B1-东立面裂缝,B1,92,148,18,中,2,立面裂缝,50,200,,MP01,92,148,180,,,,靠近东南角,2,1,1,50.0,344.15992843123,121187.66582938355,569.15992843123,200.0,150.0,True,True,1,5,0,0.2,taskcount_joint,True,vns_intra_relocate:intra_relocate_d2_r1_4_5,3
2,B1-屋顶积水,B1,78,138,31,高,3,排水异常,60,520,,MP02,78,138,180,,,,雨后优先复核；无人机直接确认门槛较高,1,1,1,60.0,404.52775128346525,114726.49475412612,549.5277512834652,60.0,0.0,False,False,1,5,0,0.2,taskcount_joint,False,vns_intra_relocate:intra_relocate_d2_r1_4_5,3
3,B1-消防连廊顶部,B1,84,126,24,低,1,附属设施,35,110,,MP03,84,126,120,,,,例行巡查,2,1,1,35.0,344.15992843123,121187.66582938355,569.15992843123,110.0,75.0,True,True,2,5,1,0.4,taskcount_joint,True,vns_intra_relocate:intra_relocate_d2_r1_4_5,3
4,B2-空调支架锈蚀,B2,158,68,20,中,2,金属锈蚀,55,240,,MP04,158,68,180,,,,住户投诉点,1,1,1,55.0,404.52775128346525,114726.49475412612,549.5277512834652,55.0,0.0,False,False,3,5,10,0.6,taskcount_joint,False,vns_intra_relocate:intra_relocate_d2_r1_4_5,3
5,B2-屋面排水口堵塞,B2,146,82,34,高,3,排水异常,50,420,,MP05,146,82,180,,,,排水类问题需更长观测时间,1,1,1,50.0,404.52775128346525,114726.49475412612,549.5277512834652,50.0,0.0,False,False,5,5,15,1.0,taskcount_joint,False,vns_intra_relocate:intra_relocate_d2_r1_4_5,3
6,B2-北立面瓷砖鼓包,B2,172,54,16,中,2,外立面风险,40,180,,MP06,172,54,150,,,,需近距离确认,3,1,1,40.0,361.2994222894462,119871.28561331036,566.2994222894463,40.0,0.0,False,False,6,6,8,1.0,taskcount_joint,False,vns_intra_relocate:intra_relocate_d2_r1_4_5,3
7,B3-西侧窗框松动,B3,206,-36,22,中,2,构件松动,45,200,,MP07,206,-36,150,,,,风大时优先,3,1,1,45.0,361.2994222894462,119871.28561331036,566.2994222894463,45.0,0.0,False,False,4,6,9,0.6666666666666666,taskcount_joint,False,vns_intra_relocate:intra_relocate_d2_r1_4_5,3
8,B3-屋顶通信箱体,B3,194,-22,36,高,3,设备异常,60,560,,MP08,194,-22,180,,,,设备异常识别困难，建议与人工复核比较,3,1,1,60.0,361.2994222894462,119871.28561331036,566.2994222894463,60.0,0.0,False,False,5,6,7,0.8333333333333334,taskcount_joint,False,vns_intra_relocate:intra_relocate_d2_r1_4_5,3
9,B4-南外墙脱落点,B4,46,-128,17,高,3,外立面风险,55,520,,MP09,46,-128,180,,,,高风险脱落点，建议比较空地分工,3,1,1,55.0,361.2994222894462,119871.28561331036,566.2994222894463,55.0,0.0,False,False,3,6,11,0.5,taskcount_joint,False,vns_intra_relocate:intra_relocate_d2_r1_4_5,3
10,B4-屋顶天沟堆积,B4,56,-116,30,中,2,排水异常,45,190,,MP10,56,-116,180,,,,清运后复检,1,1,1,45.0,404.52775128346525,114726.49475412612,549.5277512834652,190.0,145.0,True,True,2,5,2,0.4,taskcount_joint,True,vns_intra_relocate:intra_relocate_d2_r1_4_5,3
11,B5-屋顶消防标识遮挡,B5,-84,-154,25,低,1,标识问题,35,110,,MP11,-84,-154,120,,,,例行巡查,3,1,1,35.0,361.2994222894462,119871.28561331036,566.2994222894463,110.0,75.0,True,True,2,6,12,0.3333333333333333,taskcount_joint,True,vns_intra_relocate:intra_relocate_d2_r1_4_5,3
12,B5-东侧外挂线缆,B5,-72,-144,12,中,2,线缆异常,40,170,,MP12,-72,-144,150,,,,需到场确认,3,1,1,40.0,361.2994222894462,119871.28561331036,566.2994222894463,170.0,130.0,True,True,1,6,0,0.16666666666666666,taskcount_joint,True,vns_intra_relocate:intra_relocate_d2_r1_4_5,3
13,B6-屋顶空调机组异常,B6,-148,46,24,高,3,设备异常,60,540,,MP13,-148,46,180,,,,设备异常识别困难，阈值上调,2,1,1,60.0,344.15992843123,121187.66582938355,569.15992843123,60.0,0.0,False,False,4,5,16,0.8,taskcount_joint,False,vns_intra_relocate:intra_relocate_d2_r1_4_5,3
14,B6-西立面渗水痕迹,B6,-162,58,18,中,2,渗漏风险,50,330,,MP14,-162,58,180,,,,雨天后易复发,2,1,1,50.0,344.15992843123,121187.66582938355,569.15992843123,50.0,0.0,False,False,5,5,13,1.0,taskcount_joint,False,vns_intra_relocate:intra_relocate_d2_r1_4_5,3
15,B7-光伏棚支架松动,B7,-204,162,22,中,2,构件松动,45,360,,MP15,-204,162,180,,,,需结合地面查看,1,1,1,45.0,404.52775128346525,114726.49475412612,549.5277512834652,45.0,0.0,False,False,4,5,4,0.8,taskcount_joint,False,vns_intra_relocate:intra_relocate_d2_r1_4_5,3
16,B7-屋顶围挡破损,B7,-192,176,34,高,3,屋顶构件,65,560,,MP16,-192,176,180,,,,高风险屋顶构件，直接确认门槛最高,2,1,1,65.0,344.15992843123,121187.66582938355,569.15992843123,65.0,0.0,False,False,3,5,3,0.6,taskcount_joint,False,vns_intra_relocate:intra_relocate_d2_r1_4_5,3
1,B1-东立面裂缝,B1,92,148,18,中,2,立面裂缝,50,200,,MP01,92,148,180,,,,靠近东南角,2,1,1,50.0,239.76821391902186,122372.10635596633,574.7682139190218,200.0,150.0,True,True,2,3,4,0.6666666666666666,taskcount_joint,True,vns_intra_relocate:intra_relocate_d3_r1_4_1,4
2,B1-屋顶积水,B1,78,138,31,高,3,排水异常,60,520,,MP02,78,138,180,,,,雨后优先复核；无人机直接确认门槛较高,4,1,1,60.0,307.45902662604055,113434.88727195603,537.4590266260406,60.0,0.0,False,False,4,4,7,1.0,taskcount_joint,False,vns_intra_relocate:intra_relocate_d3_r1_4_1,4
3,B1-消防连廊顶部,B1,84,126,24,低,1,附属设施,35,110,,MP03,84,126,120,,,,例行巡查,4,1,1,35.0,307.45902662604055,113434.88727195603,537.4590266260406,110.0,75.0,True,True,1,4,0,0.25,taskcount_joint,True,vns_intra_relocate:intra_relocate_d3_r1_4_1,4
4,B2-空调支架锈蚀,B2,158,68,20,中,2,金属锈蚀,55,240,,MP04,158,68,180,,,,住户投诉点,2,1,1,55.0,239.76821391902186,122372.10635596633,574.7682139190218,240.0,185.0,True,True,1,3,0,0.3333333333333333,taskcount_joint,True,vns_intra_relocate:intra_relocate_d3_r1_4_1,4
5,B2-屋面排水口堵塞,B2,146,82,34,高,3,排水异常,50,420,,MP05,146,82,180,,,,排水类问题需更长观测时间,1,1,1,50.0,361.94998690082434,123106.09740636322,581.9499869008243,50.0,0.0,False,False,1,5,0,0.2,taskcount_joint,False,vns_intra_relocate:intra_relocate_d3_r1_4_1,4
6,B2-北立面瓷砖鼓包,B2,172,54,16,中,2,外立面风险,40,180,,MP06,172,54,150,,,,需近距离确认,3,1,1,40.0,312.9831911845501,123530.67185454092,582.9831911845502,180.0,140.0,True,True,2,4,16,0.5,taskcount_joint,True,vns_intra_relocate:intra_relocate_d3_r1_4_1,4
7,B3-西侧窗框松动,B3,206,-36,22,中,2,构件松动,45,200,,MP07,206,-36,150,,,,风大时优先,4,1,1,45.0,307.45902662604055,113434.88727195603,537.4590266260406,200.0,155.0,True,True,3,4,15,0.75,taskcount_joint,True,vns_intra_relocate:intra_relocate_d3_r1_4_1,4
8,B3-屋顶通信箱体,B3,194,-22,36,高,3,设备异常,60,560,,MP08,194,-22,180,,,,设备异常识别困难，建议与人工复核比较,2,1,1,60.0,239.76821391902186,122372.10635596633,574.7682139190218,60.0,0.0,False,False,3,3,1,1.0,taskcount_joint,False,vns_intra_relocate:intra_relocate_d3_r1_4_1,4
9,B4-南外墙脱落点,B4,46,-128,17,高,3,外立面风险,55,520,,MP09,46,-128,180,,,,高风险脱落点，建议比较空地分工,3,1,1,55.0,312.9831911845501,123530.67185454092,582.9831911845502,55.0,0.0,False,False,3,4,6,0.75,taskcount_joint,False,vns_intra_relocate:intra_relocate_d3_r1_4_1,4
10,B4-屋顶天沟堆积,B4,56,-116,30,中,2,排水异常,45,190,,MP10,56,-116,180,,,,清运后复检,1,1,1,45.0,361.94998690082434,123106.09740636322,581.9499869008243,190.0,145.0,True,True,2,5,5,0.4,taskcount_joint,True,vns_intra_relocate:intra_relocate_d3_r1_4_1,4
11,B5-屋顶消防标识遮挡,B5,-84,-154,25,低,1,标识问题,35,110,,MP11,-84,-154,120,,,,例行巡查,1,1,1,35.0,361.94998690082434,123106.09740636322,581.9499869008243,110.0,75.0,True,True,4,5,13,0.8,taskcount_joint,True,vns_intra_relocate:intra_relocate_d3_r1_4_1,4
12,B5-东侧外挂线缆,B5,-72,-144,12,中,2,线缆异常,40,170,,MP12,-72,-144,150,,,,需到场确认,3,1,1,40.0,312.9831911845501,123530.67185454092,582.9831911845502,170.0,130.0,True,True,4,4,9,1.0,taskcount_joint,True,vns_intra_relocate:intra_relocate_d3_r1_4_1,4
13,B6-屋顶空调机组异常,B6,-148,46,24,高,3,设备异常,60,540,,MP13,-148,46,180,,,,设备异常识别困难，阈值上调,1,1,1,60.0,361.94998690082434,123106.09740636322,581.9499869008243,60.0,0.0,False,False,3,5,10,0.6,taskcount_joint,False,vns_intra_relocate:intra_relocate_d3_r1_4_1,4
14,B6-西立面渗水痕迹,B6,-162,58,18,中,2,渗漏风险,50,330,,MP14,-162,58,180,,,,雨天后易复发,1,1,1,50.0,361.94998690082434,123106.09740636322,581.9499869008243,50.0,0.0,False,False,5,5,11,1.0,taskcount_joint,False,vns_intra_relocate:intra_relocate_d3_r1_4_1,4
15,B7-光伏棚支架松动,B7,-204,162,22,中,2,构件松动,45,360,,MP15,-204,162,180,,,,需结合地面查看,4,1,1,45.0,307.45902662604055,113434.88727195603,537.4590266260406,45.0,0.0,False,False,2,4,3,0.5,taskcount_joint,False,vns_intra_relocate:intra_relocate_d3_r1_4_1,4
16,B7-屋顶围挡破损,B7,-192,176,34,高,3,屋顶构件,65,560,,MP16,-192,176,180,,,,高风险屋顶构件，直接确认门槛最高,3,1,1,65.0,312.9831911845501,123530.67185454092,582.9831911845502,65.0,0.0,False,False,1,4,0,0.25,taskcount_joint,False,vns_intra_relocate:intra_relocate_d3_r1_4_1,4
