node_id,node_name,building_id,x_m,y_m,z_m,priority_level,priority_weight,issue_type,base_hover_time_s,direct_confirm_time_s,extra_confirm_time_s,manual_point_id,manual_x_m,manual_y_m,manual_service_time_s,direct_out_back_flight_energy_J,direct_base_roundtrip_total_energy_J,direct_confirm_roundtrip_total_energy_J,remarks,drone_id,route_id,hover_time_s,route_duration_s,route_energy_j,drone_total_time_s,allocated_hover_time_s,extra_hover_added_s,direct_confirmed,confirmed_by_extra_hover,stop_order,route_stop_count,previous_node_id,route_progress_ratio,solution_type,selected_by_guidance,seed,move_tag,route_count
1,B1-东立面裂缝,B1,92,148,18,中,2,立面裂缝,50,200,,MP01,92,148,180,,,,靠近东南角,2,1,50.0,194.837654852706,104287.85566083579,1336.006772367265,200.0,150.0,True,True,1,3,0,0.3333333333333333,alns_joint,True,37,alns_random_remove,8
2,B1-屋顶积水,B1,78,138,31,高,3,排水异常,60,520,,MP02,78,138,180,,,,雨后优先复核；无人机直接确认门槛较高,4,2,60.0,101.91968962724582,120716.09854619467,1321.0949310160054,520.0,460.0,True,True,1,1,0,1.0,alns_joint,True,37,alns_random_remove,8
3,B1-消防连廊顶部,B1,84,126,24,低,1,附属设施,35,110,,MP03,84,126,120,,,,例行巡查,4,1,35.0,229.17524138875945,97190.69779497437,1321.0949310160054,110.0,75.0,True,True,3,3,15,1.0,alns_joint,True,37,alns_random_remove,8
4,B2-空调支架锈蚀,B2,158,68,20,中,2,金属锈蚀,55,240,,MP04,158,68,180,,,,住户投诉点,2,1,55.0,194.837654852706,104287.85566083579,1336.006772367265,55.0,0.0,False,False,2,3,1,0.6666666666666666,alns_joint,False,37,alns_random_remove,8
5,B2-屋面排水口堵塞,B2,146,82,34,高,3,排水异常,50,420,,MP05,146,82,180,,,,排水类问题需更长观测时间,3,1,50.0,273.30659451866035,82540.70571469475,1313.8471674836358,50.0,0.0,False,False,1,3,0,0.3333333333333333,alns_joint,False,37,alns_random_remove,8
6,B2-北立面瓷砖鼓包,B2,172,54,16,中,2,外立面风险,40,180,,MP06,172,54,150,,,,需近距离确认,2,1,40.0,194.837654852706,104287.85566083579,1336.006772367265,180.0,140.0,True,True,3,3,4,1.0,alns_joint,True,37,alns_random_remove,8
7,B3-西侧窗框松动,B3,206,-36,22,中,2,构件松动,45,200,,MP07,206,-36,150,,,,风大时优先,4,1,45.0,229.17524138875945,97190.69779497437,1321.0949310160054,200.0,155.0,True,True,1,3,0,0.3333333333333333,alns_joint,True,37,alns_random_remove,8
8,B3-屋顶通信箱体,B3,194,-22,36,高,3,设备异常,60,560,,MP08,194,-22,180,,,,设备异常识别困难，建议与人工复核比较,3,2,60.0,110.54057296497541,130903.03344706513,1313.8471674836358,560.0,500.0,True,True,1,1,0,1.0,alns_joint,True,37,alns_random_remove,8
9,B4-南外墙脱落点,B4,46,-128,17,高,3,外立面风险,55,520,,MP09,46,-128,180,,,,高风险脱落点，建议比较空地分工,2,2,55.0,86.16911751455908,119483.4852678827,1336.006772367265,520.0,465.0,True,True,1,1,0,1.0,alns_joint,True,37,alns_random_remove,8
10,B4-屋顶天沟堆积,B4,56,-116,30,中,2,排水异常,45,190,,MP10,56,-116,180,,,,清运后复检,1,1,45.0,200.9865811331036,89135.34306435451,1298.817226154516,190.0,145.0,True,True,1,3,0,0.3333333333333333,alns_joint,True,37,alns_random_remove,8
11,B5-屋顶消防标识遮挡,B5,-84,-154,25,低,1,标识问题,35,110,,MP11,-84,-154,120,,,,例行巡查,1,1,35.0,200.9865811331036,89135.34306435451,1298.817226154516,110.0,75.0,True,True,2,3,10,0.6666666666666666,alns_joint,True,37,alns_random_remove,8
12,B5-东侧外挂线缆,B5,-72,-144,12,中,2,线缆异常,40,170,,MP12,-72,-144,150,,,,需到场确认,3,1,40.0,273.30659451866035,82540.70571469475,1313.8471674836358,170.0,130.0,True,True,2,3,5,0.6666666666666666,alns_joint,True,37,alns_random_remove,8
13,B6-屋顶空调机组异常,B6,-148,46,24,高,3,设备异常,60,540,,MP13,-148,46,180,,,,设备异常识别困难，阈值上调,1,2,60.0,97.8306450214125,124754.46771423967,1298.817226154516,540.0,480.0,True,True,1,1,0,1.0,alns_joint,True,37,alns_random_remove,8
14,B6-西立面渗水痕迹,B6,-162,58,18,中,2,渗漏风险,50,330,,MP14,-162,58,180,,,,雨天后易复发,1,1,50.0,200.9865811331036,89135.34306435451,1298.817226154516,50.0,0.0,False,False,3,3,11,1.0,alns_joint,False,37,alns_random_remove,8
15,B7-光伏棚支架松动,B7,-204,162,22,中,2,构件松动,45,360,,MP15,-204,162,180,,,,需结合地面查看,4,1,45.0,229.17524138875945,97190.69779497437,1321.0949310160054,45.0,0.0,False,False,2,3,7,0.6666666666666666,alns_joint,False,37,alns_random_remove,8
16,B7-屋顶围挡破损,B7,-192,176,34,高,3,屋顶构件,65,560,,MP16,-192,176,180,,,,高风险屋顶构件，直接确认门槛最高,3,1,65.0,273.30659451866035,82540.70571469475,1313.8471674836358,65.0,0.0,False,False,3,3,12,1.0,alns_joint,False,37,alns_random_remove,8
